ApprovedDate,PooledFundName,FundType,Budget
01-2007,18,1,184330.0
01-2007,48,1,1904864.0
01-2007,52,1,1944057.32
01-2008,1,1,1444500.0
01-2008,22,1,1838333.0
01-2008,52,1,7022854.0
01-2008,66,1,4251994.0
01-2008,91,1,4999654.0
01-2009,22,1,3135341.0
01-2009,43,1,1000000.0
01-2009,52,1,470800.0
01-2009,107,1,7899348.0
01-2009,73,1,7034331.0
01-2010,19,1,3751801.0
01-2010,30,1,1941576.0
01-2010,45,1,24236216.0
01-2010,46,1,281597.0
01-2010,66,1,2624107.0
01-2010,71,1,5999924.0
01-2010,107,1,5000000.0
01-2011,45,1,10371212.0
01-2011,87,2,821117.38
01-2011,89,1,6141383.0
01-2012,16,1,2003280.0
01-2012,19,1,2979447.0
01-2012,27,1,9098247.0
01-2012,63,1,2000139.0
01-2012,67,1,1550054.0
01-2012,87,2,225102.0
01-2013,14,1,2970162.0
01-2013,55,1,1012137.0
01-2013,72,1,6431433.0
01-2013,87,2,5614510.35
01-2013,73,1,1533266.0
01-2014,18,1,1061358.0
01-2014,36,2,2718817.9699999997
01-2014,74,2,484138.0
01-2014,87,2,1762821.58
01-2014,88,1,13621066.0
01-2014,105,2,1746573.0
01-2014,73,2,497735.0
01-2015,1,2,4415932.6
01-2015,18,2,400000.24
01-2015,36,2,1747516.3599999999
01-2015,45,2,475160.33
01-2015,58,1,1491012.0
01-2015,67,2,445175.38
01-2015,80,2,7763315.480000001
01-2015,105,2,2366743.77
01-2016,18,2,582903.1
01-2016,22,2,210527.07
01-2016,36,2,3354002.4699999997
01-2016,42,1,4132129.0
01-2016,45,2,124537.3
01-2016,51,2,1284683.9
01-2016,67,2,299714.27999999997
01-2016,72,1,8507792.0
01-2016,74,2,683729.0800000001
01-2016,87,2,388700.0
01-2016,88,2,4064436.7700000005
01-2016,108,2,847773.5800000001
01-2016,91,2,3495621.63
01-2016,105,2,15413922.69
01-2016,73,2,1802200.86
01-2017,1,2,1220028.19
01-2017,18,2,6895638.739999999
01-2017,18,1,6000028.0
01-2017,27,2,650000.0
01-2017,36,2,4821085.69
01-2017,51,2,399927.17
01-2017,55,2,578729.99
01-2017,65,1,1107613.0
01-2017,67,2,495720.01
01-2017,74,2,324284.52
01-2017,80,2,160000.0
01-2017,87,2,1968203.9899999998
01-2017,88,2,800000.0
01-2017,108,2,14411569.239999998
01-2017,91,2,4714598.4799999995
01-2017,105,2,2630000.08
01-2017,73,2,1485993.08
01-2018,18,2,400001.14
01-2018,22,2,119645.62
01-2018,36,2,3091098.11
01-2018,49,2,900968.18
01-2018,67,2,415000.08
01-2018,67,1,4246807.0
01-2018,72,2,3106729.53
01-2018,80,2,100000.0
01-2018,87,2,7235071.85
01-2018,108,2,2865124.6499999994
01-2018,91,2,7157299.38
01-2018,105,2,18785884.72
01-2018,106,1,4905577.0
01-2018,73,2,611994.87
01-2019,1,2,3608298.6000000006
01-2019,27,2,998739.1499999999
01-2019,27,1,4098875.0
01-2019,36,2,3248993.7
01-2019,49,2,24031535.110000003
01-2019,51,2,600003.04
01-2019,55,2,537398.98
01-2019,56,1,5550533.0
01-2019,60,1,8391229.0
01-2019,67,2,3687437.71
01-2019,72,2,11072398.36
01-2019,80,2,12464023.649999999
01-2019,81,1,1798007.0
01-2019,87,2,8864938.190000001
01-2019,88,2,1603421.39
01-2019,88,1,2015164.0
01-2019,108,2,22490981.389999997
01-2019,105,1,31666052.0
01-2019,73,2,264897.76
01-2020,18,2,350000.0
01-2020,27,2,423148.62
01-2020,28,1,1727350.0
01-2020,36,2,12446773.360000001
01-2020,49,2,2941137.15
01-2020,51,2,3217772.75
01-2020,56,1,750002.0
01-2020,67,2,1128115.97
01-2020,68,1,3000029.0
01-2020,72,2,13494495.05
01-2020,79,1,6926981.0
01-2020,80,2,2861806.27
01-2020,88,2,1326746.3399999999
01-2020,108,2,30132034.409999996
01-2020,91,2,4732073.029999999
01-2020,97,1,3951312.0
01-2020,105,2,78896130.40999997
01-2021,5,1,2000598.0
01-2021,111,1,1299227.0
01-2021,18,2,3343403.82
01-2021,27,2,2166880.66
01-2021,27,1,6998971.0
01-2021,36,2,21239916.32
01-2021,49,2,400646.99
01-2021,67,2,4943393.71
01-2021,72,2,2148709.53
01-2021,72,1,15000005.0
01-2021,80,2,10707734.299999999
01-2021,80,1,1500000.0
01-2021,88,1,7000000.0
01-2021,108,2,2685205.25
01-2021,91,2,2765777.1599999997
01-2021,98,2,1159227.5
01-2021,105,2,24591831.67
01-2021,73,2,1854412.69
01-2022,1,2,10935826.679999998
01-2022,18,2,3450736.29
01-2022,19,1,3149874.0
01-2022,49,2,6908137.98
01-2022,55,2,4365088.09
01-2022,61,1,9999992.0
01-2022,71,1,2898571.0
01-2022,72,2,12323277.7
01-2022,80,2,2797250.76
01-2022,87,2,6319348.949999999
01-2022,87,1,17003221.0
01-2022,108,2,16284328.3
01-2022,91,2,7436563.569999999
01-2022,102,2,500000.21
01-2022,105,2,27939876.74
01-2023,1,2,27077806.80999999
01-2023,13,2,7849724.850000001
01-2023,27,2,4571310.55
01-2023,36,2,2000000.3399999999
01-2023,55,2,305378.0
01-2023,71,2,5639724.930000001
01-2023,72,2,1127350.0
01-2023,80,2,200072.2
01-2023,87,2,400000.03
01-2023,91,2,1556401.7
01-2023,98,2,17028088.740000002
01-2023,73,2,9041898.39
02-2007,14,1,8500000.0
02-2007,19,1,5945816.0
02-2007,24,1,500000.0
02-2007,26,1,3100000.0
02-2007,27,1,3251654.0
02-2007,43,1,2707327.61
02-2007,48,1,895028.1
02-2007,57,1,2199555.0
02-2007,66,1,9572136.8
02-2007,80,1,300000.0
02-2007,87,1,3591540.0
02-2007,89,1,209955.0
02-2007,107,1,1000000.0
02-2007,73,1,2324361.0
02-2008,1,1,8002060.0
02-2008,10,1,2271874.1
02-2008,13,1,3399999.0
02-2008,16,1,6720266.0
02-2008,18,1,999983.0
02-2008,28,1,2313209.0
02-2008,49,1,5076123.0
02-2008,61,1,3198971.51
02-2008,66,1,38253.0
02-2008,71,1,6499999.0
02-2008,74,1,5600954.0
02-2008,92,1,5237558.0
02-2008,105,1,3718109.0
02-2009,1,1,2690499.0
02-2009,18,1,187355.0
02-2009,56,1,574955.0
02-2009,71,1,189142.0
02-2009,89,1,9998337.0
02-2009,97,1,1191321.0
02-2009,73,1,1000000.0
02-2010,43,1,746036.0
02-2010,45,1,1798670.0
02-2010,65,1,3556532.0
02-2010,83,1,268235.0
02-2011,28,1,2998322.0
02-2011,59,1,3994126.0
02-2011,63,1,679425.0
02-2011,87,2,3655370.5
02-2011,73,1,2200002.0
02-2012,16,1,1470881.0
02-2012,26,1,10965527.0
02-2012,61,1,1000000.0
02-2012,80,1,2705784.0
02-2012,87,2,83594.0
02-2012,88,1,20016635.0
02-2013,1,1,4000001.0
02-2013,26,1,1851297.0
02-2013,28,1,300894.0
02-2013,35,1,348284.0
02-2013,36,1,1000043.0
02-2013,57,1,2666270.0
02-2013,61,1,1610017.0
02-2013,63,1,3530255.0
02-2013,66,1,5133300.0
02-2013,87,2,20440424.65
02-2014,18,1,6953691.0
02-2014,19,1,4228719.0
02-2014,22,2,382639.14
02-2014,36,2,268378.69
02-2014,43,1,1023266.0
02-2014,49,1,4873130.0
02-2014,52,1,4628600.0
02-2014,74,2,217020.0
02-2014,87,2,1439131.0
02-2014,88,1,1693754.0
02-2014,97,1,6911547.0
02-2014,105,2,517601.60000000003
02-2014,73,2,3331583.25
02-2015,14,1,896639.0
02-2015,18,2,2545981.04
02-2015,36,2,116297.47
02-2015,45,2,464584.73
02-2015,51,1,4300033.0
02-2015,60,1,6961397.0
02-2015,66,1,3247508.0
02-2015,74,2,144798.11
02-2015,87,2,1295501.9
02-2015,108,2,295773.25
02-2015,96,1,834600.0
02-2015,105,2,947853.1699999999
02-2016,1,2,1270516.93
02-2016,3,1,4989386.0
02-2016,18,2,1185531.11
02-2016,26,1,2870000.0
02-2016,36,2,9697871.790000001
02-2016,42,1,697561.0
02-2016,51,2,3988769.8
02-2016,67,2,100044.0
02-2016,72,1,1346354.0
02-2016,74,2,2775884.69
02-2016,88,2,1249999.68
02-2016,108,2,242000.19
02-2016,91,2,2926530.49
02-2016,105,2,1844952.8199999998
02-2016,73,2,978670.81
02-2017,1,2,50000.01
02-2017,14,1,3500011.0
02-2017,18,2,2268164.1199999996
02-2017,27,2,3419693.02
02-2017,27,1,7750704.0
02-2017,36,2,8049344.31
02-2017,36,1,18512690.0
02-2017,55,2,1438458.0999999999
02-2017,67,1,4359153.0
02-2017,71,1,472674.0
02-2017,72,1,6490295.0
02-2017,87,2,7107291.98
02-2017,87,1,17959294.0
02-2017,108,2,1551227.9100000001
02-2017,105,2,4277881.09
02-2018,1,2,18493421.800000004
02-2018,18,2,2883154.37
02-2018,27,2,4349221.899999999
02-2018,27,1,19709270.0
02-2018,35,1,1822270.0
02-2018,36,2,6544894.46
02-2018,49,2,3899684.54
02-2018,61,1,1200000.0
02-2018,72,2,1300000.59
02-2018,80,2,2599856.01
02-2018,87,2,2000878.03
02-2018,108,2,914578.76
02-2018,97,1,6098619.0
02-2018,99,1,350000.0
02-2018,105,1,49909290.0
02-2018,106,1,1654195.0
02-2018,73,2,1134871.95
02-2019,1,2,3302302.9699999997
02-2019,14,1,2384881.0
02-2019,18,2,1547063.02
02-2019,36,2,5161114.89
02-2019,49,2,1999799.59
02-2019,59,1,1225000.0
02-2019,60,1,1609197.0
02-2019,66,1,4963658.0
02-2019,67,2,1331996.15
02-2019,74,2,999972.23
02-2019,74,1,10280648.0
02-2019,79,1,2987422.0
02-2019,80,2,2225000.25
02-2019,88,2,18476738.299999993
02-2019,108,2,6127976.91
02-2019,97,1,4304763.0
02-2020,16,1,8716990.0
02-2020,19,1,1000000.0
02-2020,31,1,10000000.0
02-2020,36,2,9971968.149999999
02-2020,51,2,728965.1799999999
02-2020,63,1,2399380.0
02-2020,67,2,4958414.43
02-2020,72,2,1643269.1800000002
02-2020,80,2,822118.78
02-2020,80,1,99874841.0
02-2020,108,2,7239329.029999999
02-2020,91,2,8372752.95
02-2020,91,1,29995744.0
02-2020,98,2,926848.13
02-2020,105,2,21700801.76
02-2020,107,1,14894023.0
02-2020,73,2,508903.41000000003
02-2021,111,1,700000.0
02-2021,18,2,674998.55
02-2021,36,2,2100000.67
02-2021,37,1,500000.0
02-2021,41,1,25004109.0
02-2021,49,2,5023889.39
02-2021,67,2,553574.45
02-2021,80,2,2299558.1199999996
02-2021,88,2,10001826.19
02-2021,91,2,5833180.98
02-2021,98,2,250000.0
02-2021,105,2,49919924.730000004
02-2022,1,2,41183528.04999999
02-2022,18,2,4494996.7
02-2022,19,1,5924624.0
02-2022,27,2,1270000.33
02-2022,36,2,3763723.19
02-2022,45,1,2000000.0
02-2022,49,2,4044952.61
02-2022,52,1,1900000.0
02-2022,55,2,1572382.1600000001
02-2022,60,1,2999997.0
02-2022,67,2,6249031.989999999
02-2022,71,1,7100088.0
02-2022,72,2,15479882.719999999
02-2022,80,2,7601901.750000001
02-2022,108,2,31098751.289999995
02-2022,91,2,5298741.289999999
02-2022,235,1,1000600.0
02-2022,98,2,1298730.77
02-2022,105,2,24409432.07
02-2022,105,1,19997389.0
02-2023,1,2,5897142.340000001
02-2023,13,2,1649995.97
02-2023,18,2,9212694.41
02-2023,27,2,2300000.0
02-2023,36,2,16450080.89
02-2023,71,2,3359910.91
02-2023,80,2,5766514.470000001
02-2023,108,2,26188546.26
02-2023,91,2,1488534.54
02-2023,91,1,15000000.0
02-2023,96,1,10200241.0
02-2023,98,2,4143342.4
02-2023,105,2,21170036.959999997
03-2006,24,1,696438.0
03-2006,28,1,320000.0
03-2006,35,1,450000.0
03-2006,36,1,350000.0
03-2006,52,1,4030000.0
03-2006,87,1,1256540.0
03-2007,3,1,7716263.0
03-2007,7,1,1000000.0
03-2007,10,1,2000000.0
03-2007,18,1,4478703.0
03-2007,19,1,1335026.0
03-2007,24,1,5676753.0
03-2007,26,1,4998577.04
03-2007,27,1,27852534.0
03-2007,35,1,2000000.0
03-2007,36,1,4030451.0
03-2007,43,1,4580166.0
03-2007,45,1,1056090.0
03-2007,48,1,360014.34
03-2007,66,1,1190844.25
03-2007,67,1,354977.0
03-2007,68,1,999999.12
03-2007,79,1,881701.4
03-2007,80,1,5600000.0
03-2007,89,1,7732967.5
03-2007,107,1,1000000.0
03-2007,73,1,201588.0
03-2008,1,1,4175162.12
03-2008,24,1,4389535.0
03-2008,27,1,18520472.0
03-2008,28,1,266430.0
03-2008,36,1,5772903.0
03-2008,52,1,5634850.0
03-2008,56,1,239438.0
03-2008,59,1,4625583.0
03-2008,66,1,548913.0
03-2008,67,1,2019979.0
03-2008,69,1,5997698.0
03-2008,74,1,1207571.0
03-2008,79,1,1585288.0
03-2008,107,1,2926136.48
03-2009,1,1,1475068.0
03-2009,3,1,2354123.0
03-2009,13,1,1997535.0
03-2009,24,1,800000.0
03-2009,43,1,450000.0
03-2009,49,1,1004837.0
03-2009,68,1,1299825.0
03-2009,71,1,3940144.0
03-2009,87,1,4999999.0
03-2009,73,1,1374724.0
03-2010,1,1,11019952.0
03-2010,10,1,2486524.0
03-2010,19,1,7063642.0
03-2010,20,1,10283575.0
03-2010,22,1,2400692.0
03-2010,26,1,7990534.0
03-2010,27,1,15922571.0
03-2010,35,1,2995242.0
03-2010,36,1,16001058.0
03-2010,43,1,1225389.0
03-2010,45,1,10529963.0
03-2010,52,1,9981466.0
03-2010,61,1,1503989.0
03-2010,67,1,3987182.0
03-2010,78,1,2896030.0
03-2010,89,1,13753756.0
03-2010,105,1,6996528.0
03-2011,14,1,3999812.0
03-2011,18,1,4999120.0
03-2011,19,1,6538518.0
03-2011,22,1,2939401.0
03-2011,24,1,10299134.0
03-2011,26,1,4999783.0
03-2011,36,1,10998225.0
03-2011,50,1,2992466.0
03-2011,52,1,5993848.0
03-2011,56,1,1347306.0
03-2011,57,1,5988454.0
03-2011,67,1,2993060.0
03-2011,87,2,3217351.0
03-2011,87,1,9989087.0
03-2011,89,1,4980047.0
03-2011,95,1,4997940.0
03-2011,107,1,5972545.0
03-2011,73,1,1772684.0
03-2012,13,1,3990300.0
03-2012,16,1,3328041.0
03-2012,18,1,4709990.0
03-2012,19,1,7931609.0
03-2012,24,1,7061982.0
03-2012,28,1,3618743.0
03-2012,35,1,3998941.0
03-2012,36,1,4072334.0
03-2012,38,1,4834117.0
03-2012,45,1,7949515.0
03-2012,61,1,6057932.0
03-2012,63,1,3536867.0
03-2012,69,1,796886.0
03-2012,74,1,26816215.0
03-2012,78,1,3955432.0
03-2012,79,1,3658870.0
03-2012,80,1,1615578.0
03-2012,83,1,6665640.0
03-2012,87,2,248874.0
03-2012,91,1,6983629.0
03-2012,105,1,4985101.0
03-2013,1,1,12574041.0
03-2013,2,1,2984040.0
03-2013,26,1,5150003.0
03-2013,28,1,3011843.0
03-2013,35,1,2707021.0
03-2013,36,1,15999987.0
03-2013,45,1,5985036.0
03-2013,57,1,325667.0
03-2013,61,1,12206765.0
03-2013,63,1,940117.0
03-2013,66,1,709038.0
03-2013,80,1,16922090.0
03-2013,87,2,2271529.99
03-2013,97,1,3999807.0
03-2013,105,1,16800822.0
03-2014,10,1,3175302.0
03-2014,14,1,1093987.0
03-2014,18,1,2859006.0
03-2014,19,1,9355822.0
03-2014,22,2,250000.0
03-2014,26,1,6497013.0
03-2014,28,1,949995.0
03-2014,36,2,99999.83
03-2014,36,1,5982930.0
03-2014,45,2,186419.68
03-2014,45,1,6205232.0
03-2014,67,2,261302.0
03-2014,67,1,5295442.0
03-2014,74,2,699683.0
03-2014,74,1,6250607.0
03-2014,97,1,2818178.0
03-2014,105,2,1486077.75
03-2014,105,1,5206375.0
03-2014,73,2,1527060.08
03-2015,14,1,1598607.0
03-2015,18,2,1243558.1
03-2015,22,2,497571.02999999997
03-2015,22,1,2749386.0
03-2015,26,1,2000285.0
03-2015,27,1,4947669.0
03-2015,28,1,3000059.0
03-2015,33,1,3500065.0
03-2015,36,2,286689.64
03-2015,49,1,6823861.0
03-2015,51,2,249365.92
03-2015,51,1,4300313.0
03-2015,55,2,1294272.2000000002
03-2015,55,1,17000399.0
03-2015,59,1,104004.0
03-2015,66,1,748857.0
03-2015,67,2,557804.58
03-2015,74,2,335630.28
03-2015,80,2,22919932.959999997
03-2015,81,1,2498220.0
03-2015,91,1,29926021.0
03-2015,96,1,2557900.0
03-2015,101,1,5038408.0
03-2015,105,2,698964.65
03-2015,73,2,227915.35
03-2016,3,1,3000000.0
03-2016,14,1,12985955.0
03-2016,18,2,12626033.110000001
03-2016,26,1,5130692.0
03-2016,27,2,5125686.28
03-2016,36,2,31083943.889999993
03-2016,36,1,10991119.0
03-2016,37,1,8022382.0
03-2016,51,2,345000.06
03-2016,52,1,3998746.0
03-2016,54,1,328811.0
03-2016,56,1,2363499.0
03-2016,58,1,11989024.0
03-2016,61,1,15999980.0
03-2016,65,1,2442974.0
03-2016,66,1,4679803.0
03-2016,74,2,301270.07
03-2016,80,2,240031.2
03-2016,80,1,6991425.0
03-2016,87,2,4049526.46
03-2016,87,1,1500000.0
03-2016,88,2,19022340.520000007
03-2016,88,1,5989321.0
03-2016,90,1,3141908.0
03-2016,108,2,18879819.440000005
03-2016,91,2,18538270.349999998
03-2016,97,1,18000027.0
03-2016,99,1,10994664.0
03-2016,105,2,298341.01
03-2016,73,2,200256.93
03-2017,16,1,10005413.0
03-2017,18,2,1449886.28
03-2017,26,1,5996745.0
03-2017,27,1,1861244.0
03-2017,36,2,4268571.3
03-2017,55,2,730767.2
03-2017,58,1,5997815.0
03-2017,59,1,5960822.0
03-2017,61,1,6905824.0
03-2017,66,1,2000095.0
03-2017,71,1,9586174.0
03-2017,72,1,15506862.0
03-2017,87,2,11756086.610000001
03-2017,89,1,3175132.0
03-2017,108,2,1051038.03
03-2017,97,1,14986704.0
03-2017,105,2,250292.26
03-2018,14,1,2350572.0
03-2018,16,1,9884487.0
03-2018,18,2,3116373.5
03-2018,19,1,6765609.0
03-2018,27,1,27840104.0
03-2018,35,1,3172025.0
03-2018,36,1,6431275.0
03-2018,45,1,8985177.0
03-2018,51,2,856000.0
03-2018,55,2,499573.37
03-2018,61,1,6799800.0
03-2018,63,1,3975873.0
03-2018,72,2,8519618.389999999
03-2018,74,1,7993805.0
03-2018,75,1,9186710.0
03-2018,78,1,5031703.0
03-2018,88,2,28172360.969999995
03-2018,108,2,10305728.459999999
03-2018,91,2,113762.4
03-2018,97,1,16988192.0
03-2018,99,1,9645458.0
03-2018,73,1,15005129.0
03-2019,1,2,1200000.0
03-2019,13,1,3998647.0
03-2019,25,1,1995221.0
03-2019,27,2,1245335.53
03-2019,36,2,9192753.780000001
03-2019,51,2,95444.86
03-2019,59,1,3773919.0
03-2019,66,1,11146004.0
03-2019,74,2,99812.7
03-2019,87,1,5995423.0
03-2019,88,2,15962353.36
03-2019,88,1,9807878.0
03-2019,108,2,344351.12
03-2019,91,2,3408622.92
03-2019,107,1,10050789.0
03-2020,1,2,1498155.15
03-2020,3,1,3501693.0
03-2020,13,1,10005433.0
03-2020,19,1,11020162.0
03-2020,27,1,11265563.0
03-2020,36,2,3000000.02
03-2020,41,1,15000000.0
03-2020,42,1,2994890.0
03-2020,45,1,6999405.0
03-2020,46,1,5000038.0
03-2020,51,2,300002.72
03-2020,51,1,6000400.0
03-2020,55,1,12988434.0
03-2020,61,1,6999805.0
03-2020,63,1,3600000.0
03-2020,71,1,10951371.0
03-2020,80,2,6040962.609999999
03-2020,88,1,16859798.0
03-2020,108,2,46376642.88999999
03-2020,91,2,679647.95
03-2020,91,1,24887327.0
03-2020,73,2,2129287.4699999997
03-2020,73,1,22293277.0
03-2021,1,2,3100000.0
03-2021,27,2,7020306.22
03-2021,43,1,6000001.0
03-2021,49,2,238748.37
03-2021,88,2,2966240.1700000004
03-2021,91,2,2287374.4
03-2021,98,2,3530410.5
03-2021,105,2,1284192.04
03-2021,73,2,375225.0
03-2022,1,2,26948557.909999996
03-2022,3,1,6000000.0
03-2022,19,1,6924942.0
03-2022,27,2,5055799.74
03-2022,27,1,23007509.0
03-2022,36,2,22168154.16
03-2022,45,1,5957886.0
03-2022,46,1,4994779.0
03-2022,49,2,940000.0
03-2022,52,1,4100001.0
03-2022,55,1,8002513.0
03-2022,59,1,11540115.0
03-2022,67,1,12002670.0
03-2022,72,2,349645.83
03-2022,80,2,8669026.780000001
03-2022,80,1,19945752.0
03-2022,88,2,9000000.04
03-2022,108,2,2558936.03
03-2022,91,2,3250119.59
03-2022,98,1,60503889.0
03-2022,73,2,4691217.7
03-2023,1,2,1400000.0
03-2023,18,2,1000000.0
03-2023,36,2,24739476.849999994
03-2023,50,1,1000020.0
03-2023,60,1,9200022.0
03-2023,67,2,877817.7999999999
03-2023,80,2,4545855.32
03-2023,87,2,1565506.46
03-2023,108,2,15921355.850000003
03-2023,91,2,1216986.05
03-2023,98,2,38631480.29
03-2023,105,2,8664266.63
04-2006,28,1,1069000.0
04-2006,35,1,2295600.0
04-2006,36,1,2968599.93
04-2006,52,1,3070079.51
04-2006,71,1,5503822.91
04-2006,87,1,2028025.8
04-2007,13,1,1796080.0
04-2007,27,1,4818470.0
04-2007,36,1,975000.0
04-2007,43,1,2481865.0
04-2007,45,1,500000.0
04-2007,49,1,3533359.0
04-2007,59,1,1230903.0
04-2007,66,1,400000.0
04-2007,80,1,100000.0
04-2007,89,1,1002210.0
04-2007,93,1,626378.0
04-2007,97,1,7000000.0
04-2007,99,1,1200061.0
04-2008,3,1,1498653.0
04-2008,7,1,1000000.0
04-2008,23,1,534037.0
04-2008,24,1,383060.0
04-2008,27,1,14886527.0
04-2008,35,1,996245.0
04-2008,36,1,3878250.0
04-2008,49,1,1560531.0
04-2008,52,1,771498.0
04-2008,71,1,700850.0
04-2008,79,1,426366.0
04-2008,80,1,2868336.0
04-2008,89,1,6915915.0
04-2008,92,1,410163.0
04-2008,107,1,800000.0
04-2008,73,1,4988364.0
04-2009,14,1,3020000.0
04-2009,24,1,1000003.0
04-2009,26,1,9999909.0
04-2009,28,1,1996905.0
04-2009,35,1,1999999.0
04-2009,36,1,6764176.0
04-2009,45,1,4995766.0
04-2009,60,1,544860.0
04-2009,66,1,547001.0
04-2009,67,1,2998439.0
04-2009,71,1,176546.0
04-2009,80,1,4978615.0
04-2009,87,1,2500000.0
04-2009,99,1,781962.0
04-2009,105,1,155150.0
04-2009,107,1,4516217.0
04-2010,18,1,3102465.0
04-2010,19,1,2744892.0
04-2010,21,1,3237321.0
04-2010,22,1,566027.0
04-2010,36,1,689135.0
04-2010,53,1,505026.0
04-2010,74,1,9852049.0
04-2010,78,1,101082.0
04-2010,107,1,5439418.0
04-2011,10,1,2584669.0
04-2011,19,1,4668988.0
04-2011,58,1,1444890.0
04-2011,68,1,1175941.0
04-2011,80,1,7829172.0
04-2011,87,2,21857098.0
04-2011,87,1,5000000.0
04-2012,13,1,9188845.0
04-2012,18,1,1287509.0
04-2012,24,1,896213.0
04-2012,28,1,400582.0
04-2012,43,1,1126380.0
04-2012,63,1,1953829.0
04-2012,67,1,4981425.0
04-2012,69,1,4200499.0
04-2012,71,1,20871035.0
04-2012,79,1,7259307.0
04-2012,83,1,266430.0
04-2012,87,2,2508808.0
04-2012,91,1,12822478.0
04-2012,105,1,9972260.0
04-2013,19,1,4881818.0
04-2013,51,1,4900000.0
04-2013,61,1,4067201.0
04-2013,67,1,4999616.0
04-2013,79,1,751772.0
04-2013,80,1,15022779.0
04-2013,87,2,781944.3400000001
04-2013,91,1,20433455.0
04-2014,14,1,884468.0
04-2014,16,1,4017795.0
04-2014,19,1,675119.0
04-2014,22,2,249869.16
04-2014,22,1,4505909.0
04-2014,28,1,3047515.0
04-2014,36,2,4840551.99
04-2014,43,1,1455120.0
04-2014,45,2,449238.43
04-2014,61,1,11443364.0
04-2014,67,2,530981.0
04-2014,67,1,237466.0
04-2014,74,2,427050.8
04-2014,74,1,3219669.0
04-2014,79,1,1976848.0
04-2014,80,1,26500411.0
04-2014,88,1,14933150.0
04-2014,97,1,1201132.0
04-2014,105,2,2104159.75
04-2014,105,1,8691458.0
04-2015,16,1,4993951.0
04-2015,18,2,549999.63
04-2015,22,1,244996.0
04-2015,27,1,3100001.0
04-2015,36,2,3275616.41
04-2015,45,2,1269185.28
04-2015,49,1,1165038.0
04-2015,51,2,249741.32
04-2015,51,1,400000.0
04-2015,55,2,358236.0
04-2015,55,1,1003740.0
04-2015,59,1,2190794.0
04-2015,67,2,256909.96
04-2015,71,1,6710140.0
04-2015,72,1,2398971.0
04-2015,80,2,16117355.13
04-2015,87,2,490000.0
04-2015,108,2,10559492.899999999
04-2015,96,1,5607344.0
04-2015,73,2,438470.67
04-2016,18,2,2134924.79
04-2016,22,2,199225.44
04-2016,27,2,16522975.639999999
04-2016,28,1,1972054.0
04-2016,36,2,10977110.48
04-2016,49,2,490000.53
04-2016,51,2,172373.58
04-2016,52,1,962943.0
04-2016,56,1,2419419.0
04-2016,59,1,5988888.0
04-2016,74,2,1357280.6799999997
04-2016,75,1,4736155.0
04-2016,80,2,1216227.9100000001
04-2016,80,1,9692867.0
04-2016,87,2,1271819.2400000002
04-2016,87,1,9506301.0
04-2016,88,2,10730342.72
04-2016,88,1,11448765.0
04-2016,108,2,6308030.640000001
04-2016,91,2,2465842.9299999997
04-2017,1,2,5405131.03
04-2017,18,2,200000.12
04-2017,27,2,449997.06
04-2017,36,2,1809048.8599999999
04-2017,49,2,2155305.0
04-2017,52,1,10329268.0
04-2017,59,1,4999601.0
04-2017,77,1,5167962.0
04-2017,87,2,6289476.099999999
04-2017,87,1,12253111.0
04-2017,88,2,13746353.860000003
04-2017,88,1,12724689.0
04-2017,91,2,7564974.99
04-2018,18,2,699782.99
04-2018,27,2,21024011.749999996
04-2018,27,1,272728.0
04-2018,36,1,3499420.0
04-2018,49,2,17651737.14
04-2018,72,2,471432.64
04-2018,74,2,125054.32
04-2018,80,2,13951397.330000002
04-2018,87,2,199999.05
04-2018,87,1,12135443.0
04-2018,88,2,2637724.2700000005
04-2018,108,2,2327580.92
04-2018,91,2,15195666.290000003
04-2019,1,2,2000000.0
04-2019,16,1,3509513.0
04-2019,19,1,10979313.0
04-2019,22,1,7991845.0
04-2019,27,2,28114013.23
04-2019,27,1,31753453.0
04-2019,28,1,4003125.0
04-2019,45,1,5018366.0
04-2019,46,1,2999924.0
04-2019,49,2,2499799.89
04-2019,50,1,1971476.0
04-2019,60,1,3352045.0
04-2019,66,1,2872117.0
04-2019,71,1,6851159.0
04-2019,72,2,920318.11
04-2019,74,2,905588.09
04-2019,80,1,26362821.0
04-2019,87,1,5951438.0
04-2019,88,2,94917.32
04-2019,88,1,1109954.0
04-2019,108,2,350000.01
04-2019,91,2,8188563.029999999
04-2019,97,1,9238676.0
04-2019,98,1,4017313.0
04-2019,99,1,1500021.0
04-2019,105,2,93368056.45999998
04-2019,107,1,4055106.0
04-2019,73,2,6066645.090000001
04-2019,73,1,7748483.0
04-2020,1,2,2564257.6
04-2020,18,2,850275.36
04-2020,27,1,18718327.0
04-2020,36,2,250000.15
04-2020,41,1,80000024.0
04-2020,42,1,1998787.0
04-2020,51,2,538709.45
04-2020,66,1,7003079.0
04-2020,74,1,3000016.0
04-2020,87,2,3747046.92
04-2020,108,2,17129821.59
04-2020,98,2,1803638.3800000001
04-2020,105,2,3500022.39
04-2020,107,1,19999113.0
04-2020,73,2,7507298.590000001
04-2021,1,1,11998459.0
04-2021,7,1,13974469.0
04-2021,18,1,8000183.0
04-2021,27,2,699999.48
04-2021,27,1,4013391.0
04-2021,112,1,994464.0
04-2021,36,2,565816.0
04-2021,36,1,6783198.0
04-2021,80,1,4999194.0
04-2021,87,2,5846996.820000001
04-2021,87,1,21751167.0
04-2021,88,1,10000359.0
04-2021,108,2,1165345.65
04-2021,91,2,1066913.53
04-2021,98,2,1070000.0
04-2021,250,1,4999236.0
04-2022,1,2,33690215.77
04-2022,13,1,10122089.0
04-2022,18,2,4058703.8200000003
04-2022,27,2,12436590.94
04-2022,36,2,6742067.19
04-2022,66,1,4018682.0
04-2022,67,2,300000.18
04-2022,80,2,4029636.8200000003
04-2022,87,2,22701968.449999996
04-2022,88,2,4002099.09
04-2022,88,1,10016221.0
04-2022,91,1,24976355.0
04-2022,98,2,43756325.470000006
04-2023,1,2,657684.26
04-2023,7,1,3000000.0
04-2023,36,2,9131306.88
04-2023,59,1,8499950.0
04-2023,60,1,600000.0
04-2023,66,1,9995213.0
04-2023,67,2,7404980.829999999
04-2023,108,2,20259248.069999997
04-2023,91,2,1989518.68
04-2023,91,1,8500000.0
04-2023,98,2,7214482.2
04-2023,101,1,1703281.0
05-2006,24,1,249599.0
05-2006,28,1,516355.16
05-2006,36,1,529884.11
05-2006,44,1,1044730.51
05-2006,52,1,1215420.13
05-2006,80,1,20000000.0
05-2006,87,1,2737647.58
05-2007,27,1,664470.0
05-2007,28,1,1575570.0
05-2007,45,1,444455.0
05-2007,59,1,2200650.0
05-2007,80,1,3000000.0
05-2007,87,1,5655743.0
05-2007,93,1,464615.0
05-2008,18,1,1945727.0
05-2008,19,1,4353540.0
05-2008,21,1,8045731.0
05-2008,24,1,2230363.5
05-2008,27,1,4699997.0
05-2008,45,1,5846936.0
05-2008,51,1,3543119.0
05-2008,67,1,22417366.0
05-2008,80,1,7093062.0
05-2008,107,1,767521.0
05-2009,13,1,1650443.0
05-2009,14,1,936773.0
05-2009,19,1,1251800.0
05-2009,22,1,4999979.0
05-2009,24,1,200000.0
05-2009,27,1,12950354.0
05-2009,36,1,2901958.0
05-2009,52,1,8616216.0
05-2009,59,1,6450994.0
05-2009,71,1,1096740.0
05-2009,72,1,1279887.0
05-2009,74,1,8350187.0
05-2009,80,1,12007414.0
05-2009,87,1,2500000.0
05-2009,89,1,11251940.0
05-2009,99,1,589601.0
05-2009,105,1,4550131.0
05-2009,107,1,5465783.0
05-2010,21,1,1482384.0
05-2010,53,1,404790.0
05-2010,56,1,645959.0
05-2010,71,1,9725553.0
05-2011,26,1,9983492.0
05-2011,66,1,1462910.0
05-2011,74,1,4990394.0
05-2011,87,2,5733315.0
05-2011,91,1,720988.0
05-2011,105,1,6291413.0
05-2012,13,1,1690442.0
05-2012,14,1,1986269.0
05-2012,23,1,2522639.0
05-2012,51,1,3994809.0
05-2012,52,1,2000830.0
05-2012,55,1,1581518.0
05-2012,77,1,2221613.0
05-2012,80,1,882075.0
05-2012,87,2,29535293.0
05-2012,91,1,990943.0
05-2012,96,1,2086822.0
05-2013,18,1,7133080.0
05-2013,27,1,2697205.0
05-2013,51,1,4900000.0
05-2013,74,1,3888565.0
05-2013,83,1,3038387.0
05-2013,87,2,64944.39
05-2013,88,1,3766678.0
05-2014,11,1,2032306.0
05-2014,22,2,200000.0
05-2014,36,2,216969.9
05-2014,42,1,2503311.0
05-2014,45,2,650348.65
05-2014,45,1,2668206.0
05-2014,67,2,333863.0
05-2014,74,2,2014449.29
05-2014,86,1,1776123.0
05-2014,87,2,8834556.5
05-2014,105,2,500000.0
05-2014,107,1,773181.0
05-2015,1,2,23060051.68
05-2015,16,1,2072223.0
05-2015,18,2,1075501.31
05-2015,19,1,3517882.0
05-2015,20,1,777854.0
05-2015,36,2,502624.32000000007
05-2015,51,2,237847.67
05-2015,69,1,14913716.0
05-2015,72,1,7490104.0
05-2015,80,2,99009.9
05-2015,80,1,1991765.0
05-2015,81,1,7984746.0
05-2015,87,2,6807251.570000002
05-2015,108,2,2424629.86
05-2015,99,1,4804047.0
05-2015,105,2,8414528.459999999
05-2015,105,1,1440633.0
05-2015,73,2,523793.35
05-2016,27,2,20903192.759999998
05-2016,32,1,7501349.0
05-2016,36,2,3345206.56
05-2016,43,1,2971319.0
05-2016,49,2,19052712.22
05-2016,55,2,2165760.26
05-2016,67,2,999465.48
05-2016,72,1,399741.0
05-2016,74,2,176967.13
05-2016,80,2,9388422.930000002
05-2016,87,2,7352204.81
05-2016,88,2,3839989.76
05-2016,88,1,3385537.0
05-2016,108,2,1779521.3900000001
05-2016,91,2,1749231.4300000002
05-2016,104,1,3897864.0
05-2016,73,2,137462.39
05-2017,1,2,9752099.450000001
05-2017,18,2,350000.0
05-2017,19,1,3561841.0
05-2017,27,2,2024991.91
05-2017,36,2,9395503.21
05-2017,49,2,17511242.18
05-2017,49,1,10000001.0
05-2017,67,2,399423.91000000003
05-2017,80,2,14392151.019999998
05-2017,80,1,9530145.0
05-2017,87,2,3071917.54
05-2017,87,1,2780430.0
05-2017,88,2,2691242.5
05-2017,88,1,2799900.0
05-2017,108,2,11309707.89
05-2017,91,2,10339304.4
05-2017,105,2,753073.14
05-2017,105,1,24953107.0
05-2017,107,1,1585201.0
05-2017,73,2,1732555.4000000001
05-2018,1,2,367000.0
05-2018,18,2,1260701.18
05-2018,27,1,1995504.0
05-2018,49,2,15324220.25
05-2018,55,2,3973949.0699999994
05-2018,55,1,1127942.0
05-2018,58,1,1153061.0
05-2018,72,2,1358286.46
05-2018,72,1,655049.0
05-2018,80,2,3536336.0300000003
05-2018,87,2,18941882.509999998
05-2018,87,1,5133588.0
05-2018,88,2,1194998.34
05-2018,108,2,5980183.749999999
05-2018,91,2,880531.53
05-2018,103,1,6203340.0
05-2018,73,2,3667395.4999999995
05-2018,73,1,1260080.0
05-2019,3,1,6342732.0
05-2019,16,1,7785645.0
05-2019,18,2,18919719.749999996
05-2019,23,1,2994184.0
05-2019,27,2,13101789.260000002
05-2019,49,2,589604.64
05-2019,58,1,2156255.0
05-2019,66,1,9964907.0
05-2019,67,1,2022447.0
05-2019,71,1,1138628.0
05-2019,72,2,8212905.4
05-2019,74,2,2171984.8
05-2019,87,2,31183761.989999995
05-2019,108,2,2658872.0
05-2019,91,2,435454.55
05-2019,97,1,8752897.0
05-2019,98,1,1985752.0
05-2019,99,1,4489324.0
05-2019,105,2,15500915.709999999
05-2019,73,2,5110437.43
05-2020,1,2,26461964.85
05-2020,18,2,6600785.08
05-2020,27,1,39947117.0
05-2020,51,2,80963.69
05-2020,55,2,996813.01
05-2020,67,2,2521086.67
05-2020,71,1,6001054.0
05-2020,74,2,1400866.48
05-2020,80,2,1900015.7400000002
05-2020,87,2,16178714.299999999
05-2020,87,1,3750488.0
05-2020,108,2,7723026.62
05-2020,91,2,2228045.7800000003
05-2020,101,1,2605385.0
05-2020,73,2,4599150.149999999
05-2021,1,1,3000000.0
05-2021,27,1,1500000.0
05-2021,36,1,978857.0
05-2021,80,2,415000.0
05-2021,218,1,1000000.0
05-2021,87,2,7310822.069999999
05-2021,87,1,5250135.0
05-2021,108,2,1993341.47
05-2021,102,2,3489062.3400000003
05-2021,105,1,39994817.0
05-2021,73,2,3100000.0
05-2022,1,2,17835482.37
05-2022,16,1,1720495.0
05-2022,18,2,2250000.0
05-2022,22,1,3000513.0
05-2022,27,2,3424942.11
05-2022,27,1,2000002.0
05-2022,28,1,100004.0
05-2022,35,1,4007829.0
05-2022,36,2,4700002.97
05-2022,52,1,4000000.0
05-2022,72,1,15000000.0
05-2022,80,1,20000094.0
05-2022,87,2,5517428.63
05-2022,87,1,14000043.0
05-2022,88,1,29990038.0
05-2022,98,2,17392589.84
05-2022,105,1,20000624.0
05-2022,73,2,2010497.3900000001
05-2023,1,2,1199746.21
05-2023,1,1,17999811.0
05-2023,13,1,9010873.0
05-2023,19,1,9000594.0
05-2023,27,1,22012795.0
05-2023,35,1,5002073.0
05-2023,45,1,9000001.0
05-2023,46,1,6499852.0
05-2023,61,1,2500000.0
05-2023,67,2,2241061.99
05-2023,74,1,6484314.0
05-2023,77,1,6867917.0
05-2023,80,2,2539999.95
05-2023,80,1,15500293.0
05-2023,87,2,1999402.29
05-2023,88,2,12999942.97
05-2023,108,2,2010592.16
05-2023,91,2,13592823.370000001
05-2023,91,1,16500000.0
05-2023,98,2,1031330.3
05-2023,105,2,7974985.54
05-2023,105,1,18000658.0
05-2023,73,2,16083067.66
06-2006,14,1,999955.2
06-2006,18,1,1192985.99
06-2006,19,1,8620705.0
06-2006,24,1,1000000.0
06-2006,35,1,299600.0
06-2006,36,1,1080000.0
06-2006,44,1,316800.0
06-2006,45,1,1000000.0
06-2006,52,1,1050000.0
06-2006,79,1,577213.1799999999
06-2006,80,1,1024699.0
06-2006,93,1,4047931.0
06-2006,107,1,999973.29
06-2007,1,1,4678498.0
06-2007,36,1,2094632.0
06-2007,55,1,5676248.0
06-2007,80,1,1575000.0
06-2007,90,1,1542362.0
06-2007,92,1,119814.0
06-2007,105,1,2432110.0
06-2008,18,1,441304.0
06-2008,24,1,2012459.0
06-2008,59,1,376186.0
06-2008,71,1,1055020.0
06-2008,80,1,5053117.0
06-2008,87,1,6039251.0
06-2009,19,1,746860.0
06-2009,52,1,4211339.0
06-2009,74,1,540212.0
06-2010,28,1,1224890.0
06-2010,39,1,293394.0
06-2010,42,1,3376068.0
06-2010,52,1,10048510.0
06-2010,53,1,9166674.0
06-2010,71,1,4265528.0
06-2010,92,1,101415.0
06-2010,100,1,901749.0
06-2010,105,1,375926.0
06-2011,71,1,3747218.0
06-2011,87,2,15149265.0
06-2011,107,1,3022440.0
06-2012,3,1,5102132.0
06-2012,55,1,1397392.0
06-2012,61,1,4126067.0
06-2012,81,1,3077082.0
06-2012,87,2,5728563.0
06-2012,97,1,2804898.0
06-2013,27,1,9360139.0
06-2013,36,1,1255769.0
06-2013,62,1,1000000.0
06-2013,81,1,3152423.0
06-2013,88,1,1766640.0
06-2014,1,2,4605722.01
06-2014,19,1,2445592.0
06-2014,22,2,446410.58999999997
06-2014,36,2,138982.73
06-2014,45,2,423968.13
06-2014,49,1,2000000.0
06-2014,67,2,314535.0
06-2014,74,2,344000.26999999996
06-2014,84,1,2164278.0
06-2014,85,1,234856.0
06-2014,87,2,4097397.85
06-2014,88,1,3498910.0
06-2014,73,2,249310.0
06-2015,18,2,1757336.46
06-2015,67,2,541821.71
06-2015,77,1,914395.0
06-2015,80,2,2454670.15
06-2015,87,2,2050920.25
06-2015,88,1,5616616.0
06-2015,108,2,475880.1
06-2015,98,1,4920172.0
06-2015,99,1,2851958.0
06-2015,105,2,3329796.88
06-2015,105,1,11021898.0
06-2016,18,2,6097236.6899999995
06-2016,19,1,9991552.0
06-2016,22,2,893412.5900000001
06-2016,27,2,11789713.370000001
06-2016,36,2,10643783.55
06-2016,49,2,12113493.55
06-2016,51,2,2295858.33
06-2016,55,2,8590301.990000002
06-2016,60,1,662186.0
06-2016,67,2,287352.25
06-2016,72,1,10019689.0
06-2016,74,2,1925658.4700000002
06-2016,80,2,15720966.199999996
06-2016,80,1,4838488.0
06-2016,87,2,250000.0
06-2016,87,1,1879031.0
06-2016,88,2,3848108.3000000003
06-2016,89,1,4320080.0
06-2016,108,2,11912909.07
06-2016,91,2,996351.9
06-2016,105,2,999498.77
06-2016,73,2,498167.55
06-2017,1,2,5877848.86
06-2017,3,1,10545508.0
06-2017,7,1,1730610.0
06-2017,18,2,672000.02
06-2017,22,2,300000.0
06-2017,27,2,3154778.35
06-2017,36,2,4981624.32
06-2017,49,2,29301285.509999998
06-2017,51,2,2649734.89
06-2017,55,2,591779.98
06-2017,67,2,1216291.44
06-2017,67,1,149565.0
06-2017,80,2,4459235.329999999
06-2017,80,1,939386.0
06-2017,87,2,997099.89
06-2017,88,2,5879552.6
06-2017,89,1,4021141.0
06-2017,108,2,6977790.15
06-2017,91,2,2607416.72
06-2017,105,2,20835280.150000002
06-2017,73,2,3997465.59
06-2018,1,2,399871.99
06-2018,13,1,9015030.0
06-2018,18,2,7961760.989999999
06-2018,19,1,10216729.0
06-2018,22,1,1910753.0
06-2018,27,2,320475.26
06-2018,28,1,1196791.0
06-2018,36,2,12709528.41
06-2018,36,1,5343942.0
06-2018,51,2,2090237.0699999998
06-2018,52,1,4945502.0
06-2018,55,2,1515614.3
06-2018,61,1,6997663.0
06-2018,72,2,639630.74
06-2018,74,2,849989.44
06-2018,80,2,2135230.17
06-2018,87,2,1886956.71
06-2018,108,2,1724780.0999999999
06-2018,98,1,5904612.0
06-2018,73,2,2473833.5100000002
06-2019,18,2,1588722.52
06-2019,27,2,1651085.28
06-2019,36,2,379102.22
06-2019,49,2,8461001.4
06-2019,55,2,590722.6
06-2019,67,2,139232.36
06-2019,67,1,1471950.0
06-2019,72,2,860887.8300000001
06-2019,74,2,922655.8400000001
06-2019,80,2,2008185.3499999999
06-2019,87,2,2506947.23
06-2019,108,2,32212258.250000004
06-2019,91,2,2416077.78
06-2019,105,2,4933267.1
06-2019,73,2,1352900.8800000001
06-2020,1,2,13408643.370000001
06-2020,7,1,5012069.0
06-2020,18,2,5128341.17
06-2020,26,1,4999689.0
06-2020,36,2,7086449.970000001
06-2020,37,1,1002748.0
06-2020,41,1,25074550.0
06-2020,52,1,3006018.0
06-2020,55,2,461155.66
06-2020,67,2,1260233.14
06-2020,72,2,1113049.82
06-2020,74,2,1492766.92
06-2020,80,2,4999650.85
06-2020,87,2,1613208.68
06-2020,87,1,3350041.0
06-2020,88,2,30969463.14
06-2020,108,2,23854875.13
06-2020,91,2,17289905.380000003
06-2020,98,2,1279693.2499999998
06-2020,73,2,1233382.8599999999
06-2021,1,2,9163381.03
06-2021,14,1,975000.0
06-2021,27,1,1197576.0
06-2021,36,2,12460621.86
06-2021,36,1,18831915.0
06-2021,66,1,5020620.0
06-2021,108,2,64043514.04999999
06-2021,91,2,255071.95
06-2021,98,2,444958.22
06-2021,73,2,535303.66
06-2021,73,1,4498475.0
06-2022,1,2,36837060.19
06-2022,13,2,750000.0
06-2022,13,1,6000039.0
06-2022,18,2,2340000.0
06-2022,19,1,2800000.0
06-2022,27,2,721999.99
06-2022,28,1,1901737.0
06-2022,36,2,6173679.7
06-2022,36,1,11999748.0
06-2022,51,2,400000.02
06-2022,55,2,6863229.85
06-2022,61,1,8000003.0
06-2022,63,1,4000001.0
06-2022,71,1,7999999.0
06-2022,80,2,12058367.040000001
06-2022,87,2,16057425.909999998
06-2022,108,2,14477017.700000003
06-2022,97,1,4000000.0
06-2022,98,2,30548859.29
06-2022,105,2,4000081.15
06-2023,7,1,3000000.0
06-2023,19,1,8000048.0
06-2023,22,1,6525950.0
06-2023,27,2,3000000.0
06-2023,33,1,5000105.0
06-2023,36,2,287405.1
06-2023,36,1,17250000.0
06-2023,52,1,7001346.0
06-2023,55,1,8000000.0
06-2023,61,1,4500000.0
06-2023,67,2,3817480.0300000003
06-2023,67,1,10000614.0
06-2023,72,1,9000000.0
06-2023,80,2,499998.57
06-2023,80,1,2585200.0
06-2023,81,1,800000.0
06-2023,87,2,24671325.99
06-2023,87,1,18000000.0
06-2023,88,2,7187567.289999999
06-2023,88,1,23999991.0
06-2023,108,2,24026915.380000003
06-2023,91,2,4454851.03
06-2023,107,1,996521.0
07-2006,14,1,1083375.0
07-2006,18,1,2047170.0
07-2006,19,1,800360.0
07-2006,27,1,17000000.0
07-2006,43,1,497550.0
07-2006,55,1,5000000.0
07-2006,79,1,422787.0
07-2007,56,1,3834014.87
07-2007,74,1,4298114.0
07-2007,78,1,938214.0
07-2007,87,1,2792165.0
07-2007,90,1,1594453.48
07-2007,94,1,2366372.0
07-2008,24,1,2065100.0
07-2008,36,1,18400038.0
07-2008,43,1,3999178.0
07-2008,57,1,1900000.0
07-2008,63,1,1132595.0
07-2008,87,1,2710392.0
07-2008,97,1,698978.0
07-2009,27,1,7016618.0
07-2009,78,1,5150702.0
07-2009,80,1,713527.0
07-2010,27,1,985998.0
07-2010,28,1,1574869.0
07-2010,67,1,2438996.0
07-2010,80,1,21042737.0
07-2010,87,2,4423476.0
07-2010,92,1,839894.0
07-2010,94,1,1231611.0
07-2010,100,1,564751.0
07-2011,19,1,4260496.0
07-2011,24,1,5966033.0
07-2011,27,1,4094585.0
07-2011,36,1,14598379.0
07-2011,40,1,2121502.0
07-2011,52,1,16689624.0
07-2011,78,1,4917919.0
07-2011,80,1,10492033.0
07-2011,87,2,4305367.0
07-2011,87,1,27964457.0
07-2011,88,1,11309590.0
07-2011,91,1,257588.0
07-2011,105,1,8543168.0
07-2012,18,1,1993713.0
07-2012,27,1,9877980.0
07-2012,61,1,2770348.0
07-2012,76,1,2577014.0
07-2012,87,2,2667996.0
07-2012,88,1,20027456.0
07-2012,91,1,9701592.0
07-2012,97,1,4082646.0
07-2013,16,1,1200078.0
07-2013,52,1,1532872.0
07-2013,71,1,3409436.0
07-2013,87,2,6650591.51
07-2014,1,2,3550966.46
07-2014,19,1,1056090.0
07-2014,22,2,197958.43
07-2014,36,2,1027457.5999999999
07-2014,45,2,350032.14
07-2014,49,1,3930931.0
07-2014,57,1,617535.0
07-2014,71,1,5181281.0
07-2014,74,2,100066.62
07-2014,74,1,4907639.0
07-2014,76,1,2817063.0
07-2014,87,2,11483139.419999998
07-2014,87,1,1450242.0
07-2014,89,1,2052680.0
07-2014,105,2,2739945.02
07-2014,73,2,230000.0
07-2015,18,2,644356.14
07-2015,27,1,6792923.0
07-2015,36,2,4044304.5900000003
07-2015,45,2,669969.48
07-2015,74,2,1537305.2500000002
07-2015,80,1,1548984.0
07-2015,87,2,299978.72
07-2015,88,2,61360615.43999998
07-2015,88,1,5192853.0
07-2015,108,2,16367519.660000002
07-2015,105,2,7305984.26
07-2015,105,1,14252395.0
07-2015,73,2,996570.59
07-2016,1,2,395589.7
07-2016,7,1,1799769.0
07-2016,18,2,3761526.5300000003
07-2016,22,2,249994.99
07-2016,27,2,6483918.15
07-2016,27,1,1604808.0
07-2016,36,2,196929.13
07-2016,49,1,15000602.0
07-2016,51,2,2881135.67
07-2016,60,1,775317.0
07-2016,69,1,1942999.0
07-2016,72,1,3210193.0
07-2016,74,2,4087175.29
07-2016,80,2,5686228.550000001
07-2016,80,1,3112652.0
07-2016,81,1,3277817.0
07-2016,87,2,947545.6399999999
07-2016,88,2,1122505.07
07-2016,108,2,4920813.879999999
07-2016,91,2,994001.89
07-2016,105,2,18856135.3
07-2016,73,2,2684035.9000000004
07-2017,7,1,1005783.0
07-2017,18,2,349948.85
07-2017,27,2,3999545.46
07-2017,36,2,3937411.1900000004
07-2017,49,2,6491836.32
07-2017,51,2,2165402.04
07-2017,55,2,779863.02
07-2017,67,2,999980.87
07-2017,67,1,2018130.0
07-2017,72,2,4754800.79
07-2017,78,1,2477274.0
07-2017,80,2,970913.15
07-2017,80,1,4267056.0
07-2017,87,2,4574094.78
07-2017,88,2,198748.39
07-2017,108,2,2770570.63
07-2017,91,2,2168894.79
07-2017,105,2,36179688.3
07-2017,73,2,1236977.32
07-2018,1,2,836832.42
07-2018,18,2,2931308.32
07-2018,22,1,4018740.0
07-2018,27,2,15141810.780000001
07-2018,36,2,2058142.3699999999
07-2018,36,1,15014257.0
07-2018,42,1,1559967.0
07-2018,49,2,599964.66
07-2018,51,2,2037740.3800000001
07-2018,71,1,3659335.0
07-2018,72,2,4868392.35
07-2018,74,2,1099896.19
07-2018,80,2,4737890.22
07-2018,87,2,4237098.17
07-2018,108,2,2611417.56
07-2018,91,2,3212778.1799999997
07-2018,105,2,89823237.16000001
07-2018,73,2,3885688.01
07-2019,34,1,1998859.0
07-2019,36,2,26528580.039999995
07-2019,36,1,9998667.0
07-2019,42,1,1986599.0
07-2019,51,2,4671287.26
07-2019,52,1,4999317.0
07-2019,55,2,2471177.88
07-2019,67,2,1350076.1
07-2019,74,2,1050144.78
07-2019,80,2,16992277.48
07-2019,87,1,1300000.0
07-2019,108,2,14095330.4
07-2019,91,2,1705307.05
07-2020,1,2,256324.21
07-2020,7,1,5189062.0
07-2020,18,2,1936201.46
07-2020,27,2,2261099.2
07-2020,34,1,2999884.0
07-2020,36,2,14052898.89
07-2020,49,2,11254408.85
07-2020,51,2,3670557.2800000003
07-2020,72,2,1200000.0
07-2020,80,2,7673450.9399999995
07-2020,81,1,1000000.0
07-2020,87,2,2075958.85
07-2020,87,1,14990014.0
07-2020,88,2,8738001.969999999
07-2020,108,2,68855457.32
07-2020,91,2,2909559.84
07-2021,1,2,9129995.78
07-2021,13,1,4009478.0
07-2021,14,1,525010.0
07-2021,18,2,10085253.959999997
07-2021,27,2,1666440.94
07-2021,36,2,18879719.230000004
07-2021,45,1,998966.0
07-2021,49,2,3999999.1
07-2021,51,2,271606.64
07-2021,67,2,2090617.25
07-2021,72,2,1693552.8199999998
07-2021,80,2,2244340.83
07-2021,108,2,32308853.910000004
07-2021,98,2,760000.0
07-2021,73,2,6460917.900000001
07-2022,1,2,14562385.07
07-2022,1,1,10000000.0
07-2022,7,1,4150012.0
07-2022,13,2,16591724.629999999
07-2022,14,1,1001000.0
07-2022,18,1,15000495.0
07-2022,19,1,5200000.0
07-2022,27,2,743777.7
07-2022,55,2,9140498.92
07-2022,61,1,3999999.0
07-2022,89,1,4999988.0
07-2022,108,2,66804201.469999984
07-2023,18,1,3999997.0
07-2023,19,1,6003010.0
07-2023,27,1,750049.0
07-2023,28,1,2500000.0
07-2023,36,1,8050000.0
07-2023,45,1,8989405.0
07-2023,52,1,1000000.0
07-2023,67,2,433160.15
07-2023,72,2,10976207.82
07-2023,203,1,3545672.0
07-2023,80,2,25328312.68
07-2023,80,1,15996137.0
07-2023,81,1,700000.0
07-2023,87,2,2490765.34
07-2023,88,2,9799995.690000001
07-2023,108,2,46824660.92
07-2023,91,2,1000003.99
07-2023,98,2,9375204.24
07-2023,102,2,4209348.289999999
07-2023,105,2,3743577.45
08-2006,1,1,12768338.0
08-2006,18,1,266149.0
08-2006,35,1,1141140.0
08-2006,36,1,49755.0
08-2006,43,1,500000.0
08-2006,57,1,695010.0
08-2006,87,1,149800.0
08-2006,106,1,500000.0
08-2007,1,1,432697.0
08-2007,7,1,2054793.0
08-2007,22,1,2253044.0
08-2007,56,1,908055.0
08-2007,74,1,100000.0
08-2007,77,1,9591713.0
08-2007,80,1,8679942.0
08-2007,89,1,1942952.0
08-2007,105,1,415973.0
08-2007,73,1,3659510.0
08-2008,14,1,1600013.0
08-2008,19,1,1154007.0
08-2008,35,1,1999997.0
08-2008,36,1,3099556.0
08-2008,44,1,601911.0
08-2008,52,1,2021989.98
08-2008,56,1,1656382.0
08-2008,67,1,4000004.0
08-2008,94,1,965386.0
08-2008,97,1,4982951.0
08-2009,22,1,392068.0
08-2009,87,1,5093823.0
08-2009,105,1,2621530.0
08-2010,13,1,1966070.0
08-2010,16,1,652684.0
08-2010,27,1,4104975.0
08-2010,28,1,50000.0
08-2010,59,1,4725398.0
08-2010,71,1,15024435.0
08-2010,72,1,1181590.0
08-2010,74,1,27977351.0
08-2010,80,1,1200574.0
08-2010,87,2,11515582.0
08-2010,100,1,1515131.0
08-2011,24,1,59704.0
08-2011,28,1,3140097.0
08-2011,78,1,146617.0
08-2011,87,2,11434724.0
08-2011,87,1,9999792.0
08-2011,88,1,6965975.0
08-2011,89,1,900023.0
08-2012,16,1,799999.0
08-2012,24,1,606401.0
08-2012,26,1,1955140.0
08-2012,36,1,6000000.0
08-2012,40,1,312440.0
08-2012,56,1,6220011.0
08-2012,67,1,4858026.0
08-2012,71,1,450184.0
08-2012,85,1,2461235.0
08-2012,87,2,1038265.0
08-2012,89,1,530000.0
08-2012,91,1,3957546.0
08-2012,105,1,8503075.0
08-2013,16,1,2988794.0
08-2013,26,1,5995379.0
08-2013,44,1,3166825.0
08-2013,54,1,753504.0
08-2013,59,1,5000000.0
08-2013,80,1,9965528.0
08-2013,87,2,5576701.49
08-2013,87,1,1415815.0
08-2013,88,1,6053561.0
08-2013,97,1,1257698.0
08-2013,105,1,2000492.0
08-2014,22,2,448103.55
08-2014,36,2,2123348.64
08-2014,43,1,1265381.0
08-2014,57,1,1289524.0
08-2014,67,2,281000.0
08-2014,87,2,2216411.02
08-2014,73,2,3416995.05
08-2015,18,2,11929349.65
08-2015,26,1,6276701.0
08-2015,36,2,1773075.08
08-2015,45,1,7170921.0
08-2015,49,2,323340.08999999997
08-2015,51,2,1936461.7400000002
08-2015,55,2,246425.6
08-2015,67,1,8905409.0
08-2015,69,1,3000000.0
08-2015,74,2,1837021.54
08-2015,80,2,1451484.6500000001
08-2015,80,1,5538398.0
08-2015,87,2,449448.34
08-2015,88,1,2637025.0
08-2015,108,2,1459747.4000000001
08-2015,97,1,3238788.0
08-2015,105,2,117960.55
08-2015,73,2,1519956.21
08-2016,1,2,9633563.19
08-2016,18,2,2321427.04
08-2016,19,1,1000000.0
08-2016,27,2,4174092.12
08-2016,36,2,1745695.0
08-2016,49,2,2450081.08
08-2016,51,1,4308657.0
08-2016,55,2,254435.92
08-2016,67,1,1073205.0
08-2016,71,1,4989275.0
08-2016,74,2,193167.1
08-2016,81,1,941127.0
08-2016,87,2,2888860.11
08-2016,108,2,2946152.4
08-2016,91,2,699593.0
08-2016,93,1,846703.0
08-2016,105,2,13946483.540000001
08-2016,105,1,2890537.0
08-2016,73,2,1468390.6700000002
08-2017,18,2,8650526.77
08-2017,26,1,6351013.0
08-2017,36,2,8001088.32
08-2017,36,1,10000000.0
08-2017,49,2,126627.6
08-2017,51,2,366518.18000000005
08-2017,55,2,2556199.18
08-2017,67,2,450755.03
08-2017,72,2,5808183.64
08-2017,72,1,9889471.0
08-2017,74,2,3798716.2
08-2017,79,1,4371548.0
08-2017,80,2,1869806.78
08-2017,80,1,719973.0
08-2017,87,2,1585794.7
08-2017,88,2,13050443.939999996
08-2017,108,2,2536871.88
08-2017,91,2,4031421.0000000005
08-2017,105,1,600000.0
08-2017,73,1,4238419.0
08-2018,1,2,6205293.359999999
08-2018,1,1,11937469.0
08-2018,16,1,5096994.0
08-2018,18,2,468722.74
08-2018,27,2,4404192.75
08-2018,27,1,2808736.0
08-2018,36,2,22538755.59
08-2018,49,2,383434.5
08-2018,67,2,972864.76
08-2018,67,1,261440.0
08-2018,71,1,2365883.0
08-2018,72,2,4183765.88
08-2018,74,2,999999.74
08-2018,80,2,559999.92
08-2018,87,2,499336.9
08-2018,88,2,6508734.69
08-2018,108,2,8087789.289999999
08-2018,105,2,7428229.34
08-2018,73,2,1158213.32
08-2019,1,2,19318858.66
08-2019,7,1,5239236.0
08-2019,27,2,9998024.45
08-2019,36,2,8456066.48
08-2019,36,1,11111092.0
08-2019,45,1,5081432.0
08-2019,49,2,338000.0
08-2019,55,2,5376973.34
08-2019,74,2,1038131.12
08-2019,80,2,600012.97
08-2019,87,2,6613738.62
08-2019,87,1,28622589.0
08-2020,7,1,4890052.0
08-2020,18,2,7154954.4799999995
08-2020,19,1,3100000.0
08-2020,27,2,1593197.48
08-2020,36,2,450000.0
08-2020,36,1,3700000.0
08-2020,49,2,8542798.45
08-2020,55,2,2541768.3300000005
08-2020,55,1,5999480.0
08-2020,67,2,2162022.56
08-2020,80,2,1422047.9
08-2020,87,2,1979737.3599999999
08-2020,108,2,2638353.82
08-2020,91,2,843571.14
08-2020,98,2,735780.6100000001
08-2021,1,2,991191.8300000001
08-2021,3,1,4999561.0
08-2021,18,2,1719703.25
08-2021,19,1,1199975.0
08-2021,27,2,3561614.25
08-2021,36,2,10233831.18
08-2021,45,1,1750000.0
08-2021,49,2,9498181.78
08-2021,51,2,1601068.8199999998
08-2021,55,2,13285433.389999999
08-2021,59,1,8000000.0
08-2021,67,2,10117965.26
08-2021,69,1,3202301.0
08-2021,72,2,1587936.62
08-2021,74,2,1537348.88
08-2021,80,2,5706835.27
08-2021,87,2,79999.99
08-2021,88,2,15675313.89
08-2021,91,2,18584358.92
08-2021,102,1,3199993.0
08-2021,105,2,34642952.9
08-2021,73,2,11512985.74
08-2022,1,2,38276291.63999999
08-2022,7,1,850001.0
08-2022,13,2,2608242.95
08-2022,18,2,391873.41
08-2022,22,1,2004856.0
08-2022,27,2,1044000.0700000001
08-2022,27,1,12998485.0
08-2022,38,1,1001643.0
08-2022,49,2,6336518.53
08-2022,74,1,3064799.0
08-2022,80,2,15561656.510000002
08-2022,87,2,9858423.600000001
08-2022,88,2,667404.69
08-2022,108,2,5073810.279999999
08-2022,98,2,402966.48
08-2022,102,2,3474348.4899999998
08-2022,73,2,5505901.86
08-2023,1,1,20000000.0
08-2023,7,1,8000000.0
08-2023,13,2,11599935.829999998
08-2023,13,1,9000000.0
08-2023,16,1,6000000.0
08-2023,18,1,6500000.0
08-2023,27,1,10812564.0
08-2023,36,2,16982712.77
08-2023,36,1,2700000.0
08-2023,45,1,8000000.0
08-2023,55,2,13463769.379999999
08-2023,60,1,4000000.0
08-2023,61,1,8000000.0
08-2023,66,1,6500000.0
08-2023,67,2,5249680.25
08-2023,67,1,9000000.0
08-2023,80,2,16352054.799999999
08-2023,80,1,6000489.0
08-2023,87,2,750000.01
08-2023,88,2,16842905.03
08-2023,91,2,2862245.0199999996
08-2023,97,1,6000000.0
08-2023,98,2,19424676.75
08-2023,102,1,8000000.0
08-2023,105,1,16975000.0
09-2006,13,1,2000000.0
09-2006,14,1,1661322.0
09-2006,18,1,1463429.0
09-2006,24,1,3000000.0
09-2006,27,1,18000000.0
09-2006,35,1,1698965.0
09-2006,43,1,999999.41
09-2006,52,1,3500000.0
09-2006,57,1,3288670.9700000007
09-2006,61,1,1985598.0
09-2006,63,1,2075604.0
09-2006,79,1,1000000.0
09-2006,80,1,4500000.0
09-2006,89,1,3863950.0
09-2006,107,1,999990.09
09-2007,7,1,4000000.0
09-2007,13,1,877908.1799999999
09-2007,18,1,2100018.7
09-2007,19,1,979050.0
09-2007,24,1,500272.08
09-2007,26,1,3000000.0
09-2007,27,1,5327590.92
09-2007,35,1,1000908.57
09-2007,36,1,1620004.25
09-2007,40,1,1984672.0
09-2007,45,1,1238300.0
09-2007,52,1,2752501.17
09-2007,57,1,1210845.0
09-2007,61,1,1017103.0
09-2007,63,1,250000.0
09-2007,67,1,1448334.88
09-2007,70,1,4726725.0
09-2007,71,1,2000022.6
09-2007,74,1,1408851.0
09-2007,79,1,1003670.67
09-2007,107,1,9199992.3
09-2008,1,1,4598922.0
09-2008,13,1,2000293.23
09-2008,14,1,1946865.0
09-2008,25,1,7367516.0
09-2008,26,1,2540798.0
09-2008,27,1,3000022.0
09-2008,28,1,3001028.0
09-2008,36,1,377293.0
09-2008,39,1,2995315.0
09-2008,45,1,4325474.0
09-2008,47,1,2608719.0
09-2008,49,1,5000001.0
09-2008,52,1,6002070.0
09-2008,54,1,2024377.6
09-2008,59,1,1489030.75
09-2008,69,1,2331222.0
09-2008,71,1,1998773.0
09-2008,74,1,9924430.0
09-2008,78,1,2080292.0
09-2008,89,1,3887406.0
09-2008,91,1,2091262.0
09-2008,92,1,1610699.0
09-2008,94,1,1108663.0
09-2008,107,1,407351.0
09-2009,2,1,1536000.0
09-2009,18,1,155261.0
09-2009,19,1,5464388.0
09-2009,26,1,8996794.0
09-2009,27,1,4560601.0
09-2009,35,1,1521259.0
09-2009,42,1,4341550.0
09-2009,43,1,1171585.0
09-2009,52,1,8038330.0
09-2009,71,1,2607756.0
09-2009,80,1,2299014.0
09-2010,18,1,398576.0
09-2010,19,1,8001389.0
09-2010,26,1,5449985.0
09-2010,27,1,8113082.0
09-2010,28,1,149998.0
09-2010,35,1,2976856.0
09-2010,63,1,1751722.0
09-2010,69,1,2000031.0
09-2010,72,1,817612.0
09-2010,74,1,2000184.0
09-2010,79,1,1058173.0
09-2010,87,2,79049.0
09-2010,105,1,6809449.0
09-2011,9,1,1605535.0
09-2011,22,1,178257.0
09-2011,36,1,20879049.0
09-2011,56,1,2689162.0
09-2011,67,1,1990385.0
09-2011,69,1,1999994.0
09-2011,71,1,2129924.0
09-2011,74,1,25183786.0
09-2011,78,1,3303717.0
09-2011,87,2,2168623.0
09-2011,88,1,4491389.0
09-2011,89,1,4061325.0
09-2011,107,1,5273694.0
09-2012,1,1,9995396.0
09-2012,16,1,1197431.0
09-2012,22,1,1905099.0
09-2012,24,1,919659.0
09-2012,27,1,12510061.0
09-2012,36,1,3912447.0
09-2012,59,1,1999893.0
09-2012,71,1,2929327.0
09-2012,80,1,13994482.0
09-2012,87,2,665074.0
09-2012,89,1,1464899.0
09-2012,91,1,2020544.0
09-2013,7,1,2000642.0
09-2013,14,1,3479171.0
09-2013,19,1,2749996.0
09-2013,22,1,2258255.0
09-2013,26,1,2102708.0
09-2013,28,1,899974.0
09-2013,36,2,3585856.25
09-2013,45,1,1495064.0
09-2013,49,1,9999143.0
09-2013,51,1,4954548.0
09-2013,55,1,16519381.0
09-2013,59,1,3003483.0
09-2013,63,1,2499955.0
09-2013,67,1,2999832.0
09-2013,71,1,2197359.0
09-2013,74,2,311926.0
09-2013,74,1,9553985.0
09-2013,78,1,1998909.0
09-2013,80,2,4212731.99
09-2013,80,1,489072.0
09-2013,87,2,6750592.930005999
09-2013,87,1,6220474.0
09-2013,97,1,3716715.0
09-2013,105,2,2613092.6599999997
09-2013,73,2,204798.0
09-2013,73,1,3000000.0
09-2014,1,1,3991021.0
09-2014,13,1,1048816.0
09-2014,16,1,2290744.0
09-2014,35,1,750216.0
09-2014,36,2,310000.05
09-2014,36,1,500000.0
09-2014,38,1,749979.0
09-2014,43,1,4162539.0
09-2014,45,2,678690.46
09-2014,52,1,1500001.0
09-2014,71,1,2849957.0
09-2014,72,1,1458309.0
09-2014,74,2,96588.9
09-2014,80,2,137966.09
09-2014,83,1,4500298.0
09-2014,85,1,4262743.0
09-2014,87,2,2151375.25
09-2014,87,1,5810925.0
09-2014,98,1,1835660.0
09-2014,105,2,5720314.680000001
09-2014,73,2,3865584.1500000004
09-2014,73,1,10825145.0
09-2015,1,1,7983646.0
09-2015,7,1,2992959.0
09-2015,18,2,349322.15
09-2015,19,1,5998567.0
09-2015,35,1,2993896.0
09-2015,36,2,1404724.88
09-2015,36,1,10015968.0
09-2015,45,2,100000.0
09-2015,49,2,6218603.16
09-2015,55,2,934611.89
09-2015,67,2,518300.68999999994
09-2015,67,1,4850162.0
09-2015,74,2,150805.8
09-2015,80,2,543139.49
09-2015,80,1,15116739.0
09-2015,87,2,795153.52
09-2015,87,1,16698782.0
09-2015,88,2,609046.14
09-2015,108,2,1560178.98
09-2015,105,1,2592511.0
09-2015,73,2,244438.29
09-2016,1,2,6643859.760000001
09-2016,16,1,4187543.0
09-2016,18,2,199797.89
09-2016,18,1,8999815.0
09-2016,19,1,9000551.0
09-2016,24,1,1965416.0
09-2016,26,1,4302790.0
09-2016,27,1,10995505.0
09-2016,35,1,2002599.0
09-2016,36,2,3326830.19
09-2016,49,2,3258788.4699999997
09-2016,67,1,2497252.0
09-2016,74,2,375008.25
09-2016,80,2,2127028.5
09-2016,81,1,4998778.0
09-2016,87,2,2990875.5400000005
09-2016,88,2,1490468.2899999998
09-2016,108,2,4999761.71
09-2016,91,2,1602600.15
09-2016,97,1,10297497.0
09-2016,105,1,10098300.0
09-2017,1,2,46897.84
09-2017,7,1,9418119.0
09-2017,18,2,2177567.5900000003
09-2017,22,2,150000.0
09-2017,25,1,7999469.0
09-2017,27,2,2098931.39
09-2017,27,1,2994242.0
09-2017,36,2,7984184.93
09-2017,51,2,290355.2
09-2017,55,2,1026573.4099999999
09-2017,69,1,4787881.0
09-2017,74,2,1500790.4700000002
09-2017,80,2,277147.85
09-2017,80,1,12228932.0
09-2017,87,2,6199546.94
09-2017,88,2,11959734.9
09-2017,108,2,1682932.6199999999
09-2017,73,2,2590672.7199999997
09-2018,1,2,17381214.07
09-2018,3,1,2000950.0
09-2018,7,1,12202658.0
09-2018,14,1,4099295.0
09-2018,18,2,540000.19
09-2018,18,1,9342318.0
09-2018,32,1,752919.0
09-2018,36,2,1478585.34
09-2018,47,1,4979186.0
09-2018,51,2,399997.03
09-2018,55,2,300255.34
09-2018,67,2,3505691.190000001
09-2018,67,1,2698006.0
09-2018,74,2,1583232.77
09-2018,77,1,891565.0
09-2018,81,1,3000067.0
09-2018,87,2,6699638.760000001
09-2018,88,2,22401571.309999995
09-2018,108,2,1746734.95
09-2018,73,2,1012979.7
09-2019,1,1,15999997.0
09-2019,6,1,1002151.0
09-2019,7,1,10104523.0
09-2019,13,1,3999801.0
09-2019,16,1,1502597.0
09-2019,18,2,1711495.82
09-2019,27,2,3249999.23
09-2019,27,1,9837589.0
09-2019,35,1,2000112.0
09-2019,49,2,2379818.6999999997
09-2019,58,1,1602143.0
09-2019,61,1,6000086.0
09-2019,67,2,5723774.489999999
09-2019,74,2,1224611.49
09-2019,80,2,3736420.35
09-2019,80,1,3140187.0
09-2019,87,2,1020545.2
09-2019,88,2,28860564.179999996
09-2019,108,2,16355841.749999998
09-2019,102,1,7333751.0
09-2019,103,1,3000000.0
09-2019,105,2,16241089.66
09-2020,19,1,1405172.0
09-2020,27,2,6876052.48
09-2020,36,2,1990742.92
09-2020,36,1,4300000.0
09-2020,51,2,850368.6799999999
09-2020,55,2,9153722.209999999
09-2020,59,1,3999919.0
09-2020,67,2,5104422.25
09-2020,72,2,3059441.3500000006
09-2020,74,2,3823000.5599999996
09-2020,80,2,22642305.34
09-2020,87,2,593002.59
09-2020,108,2,1513747.53
09-2020,91,2,7956160.34
09-2020,105,2,19797863.39
09-2021,1,2,2550657.38
09-2021,1,1,12499902.0
09-2021,13,1,7000021.0
09-2021,16,1,4998919.0
09-2021,18,2,3500000.0300000003
09-2021,19,1,5801090.0
09-2021,27,2,25234091.049999997
09-2021,36,2,5297660.88
09-2021,36,1,7000000.0
09-2021,45,1,6622943.0
09-2021,51,2,150005.12
09-2021,55,2,1548147.29
09-2021,55,1,3998359.0
09-2021,66,1,5000901.0
09-2021,72,1,10994940.0
09-2021,87,2,25711547.299999993
09-2021,88,2,31550848.68000001
09-2021,88,1,10941721.0
09-2021,91,2,12395568.679999998
09-2021,91,1,10000000.0
09-2021,98,2,350000.0
09-2021,102,1,4800000.0
09-2021,105,2,19642004.220000003
09-2022,1,2,52313686.059999995
09-2022,18,2,41261.34
09-2022,19,1,2299459.0
09-2022,27,2,22337761.549999997
09-2022,45,1,5000018.0
09-2022,49,2,2050000.69
09-2022,60,1,1000000.0
09-2022,66,1,4889195.0
09-2022,67,2,2400000.0
09-2022,71,1,9513802.0
09-2022,72,2,6131471.0600000005
09-2022,72,1,1500000.0
09-2022,74,1,7006634.0
09-2022,80,2,16683522.120000001
09-2022,87,1,9999804.0
09-2022,91,2,11818469.19
09-2022,98,2,24623705.669999998
09-2022,105,2,7103732.330000001
09-2022,73,2,5234033.35
09-2023,1,2,6151171.54
09-2023,7,1,4000000.0
09-2023,13,2,8432107.39
09-2023,18,2,300000.23
09-2023,27,2,1700000.0
09-2023,27,1,2187405.0
09-2023,55,2,2175493.6999999997
09-2023,58,1,7000000.0
09-2023,61,2,3249999.34
09-2023,67,2,12731280.42
09-2023,71,2,6243492.02
09-2023,80,2,399752.0
09-2023,88,2,3769914.7000000007
09-2023,88,1,10000018.0
09-2023,91,2,2755032.84
09-2023,98,2,12501145.989999998
09-2023,105,2,42288520.10000002
10-2006,14,1,325195.0
10-2006,18,1,539300.0
10-2006,24,1,806245.0
10-2006,27,1,3000000.0
10-2006,36,1,2967602.0
10-2006,89,1,840150.0
10-2007,1,1,323212.0
10-2007,5,1,299787.0
10-2007,18,1,200000.0
10-2007,24,1,1817835.0
10-2007,27,1,9372359.0
10-2007,36,1,1378758.72
10-2007,40,1,512284.0
10-2007,43,1,1051955.0
10-2007,45,1,629577.0
10-2007,52,1,250000.0
10-2007,57,1,250752.16
10-2007,63,1,993676.0
10-2007,70,1,248775.0
10-2007,79,1,96300.0
10-2007,87,1,3625327.0
10-2007,94,1,1436560.0
10-2007,97,1,6001015.0
10-2007,105,1,586493.0
10-2007,107,1,199084.11
10-2008,14,1,1641069.0
10-2008,19,1,4166412.0
10-2008,24,1,994514.0
10-2008,26,1,857256.0
10-2008,45,1,780950.0
10-2008,46,1,1501344.0
10-2008,47,1,120910.0
10-2008,55,1,1008582.0
10-2008,69,1,1272000.0
10-2008,80,1,1010739.0
10-2008,87,1,2972300.0
10-2008,89,1,107976.0
10-2008,91,1,500000.0
10-2008,92,1,388817.0
10-2008,99,1,499958.0
10-2008,105,1,2029985.0
10-2008,107,1,1581017.0
10-2009,9,1,463845.0
10-2009,13,1,4877946.0
10-2009,18,1,2632529.0
10-2009,27,1,5900400.0
10-2009,28,1,1000015.0
10-2009,36,1,5979264.0
10-2009,42,1,658418.0
10-2009,43,1,417205.0
10-2009,48,1,6121482.0
10-2009,54,1,3828517.0
10-2009,63,1,2174497.0
10-2009,71,1,3692127.0
10-2009,78,1,6790230.0
10-2009,80,1,5821464.0
10-2009,87,1,12220646.0
10-2009,89,1,2256105.0
10-2009,107,1,8926729.0
10-2010,8,1,4390369.0
10-2010,18,1,2598437.0
10-2010,74,1,7402908.0
10-2010,79,1,1825323.0
10-2010,80,1,1613606.0
10-2010,87,2,3758878.0
10-2010,89,1,1936948.0
10-2010,105,1,357209.0
10-2011,8,1,105930.0
10-2011,15,1,4033776.0
10-2011,19,1,4053434.0
10-2011,22,1,2809733.0
10-2011,34,1,1881601.0
10-2011,43,1,390012.0
10-2011,71,1,3858271.0
10-2011,74,1,2196721.0
10-2011,87,2,1634419.0
10-2011,91,1,2365154.0
10-2011,94,1,614332.0
10-2011,107,1,747618.0
10-2012,16,1,1999890.0
10-2012,19,1,3122132.0
10-2012,22,1,1085160.0
10-2012,49,1,2567704.0
10-2012,71,1,359170.0
10-2012,74,1,9920625.0
10-2012,87,2,1103651.0
10-2013,10,1,2464176.0
10-2013,19,1,5455860.0
10-2013,22,1,1235699.0
10-2013,28,1,2094307.0
10-2013,36,2,2552052.56
10-2013,36,1,4209143.0
10-2013,43,1,2239156.0
10-2013,63,1,1508677.0
10-2013,71,1,8694379.0
10-2013,74,2,2197288.23
10-2013,74,1,447795.0
10-2013,78,1,5314699.0
10-2013,80,2,32316676.179999996
10-2013,80,1,5047979.0
10-2013,87,2,6122918.4
10-2013,87,1,13566723.0
10-2013,91,1,19970354.0
10-2013,105,2,620145.25
10-2014,13,1,2880222.0
10-2014,16,1,2217961.0
10-2014,22,2,500000.42000000004
10-2014,27,1,1955395.0
10-2014,35,1,1739035.0
10-2014,36,2,4679811.22
10-2014,36,1,11093620.0
10-2014,38,1,1724445.0
10-2014,43,1,448444.0
10-2014,52,1,8505412.0
10-2014,63,1,3464476.0
10-2014,67,2,583556.08
10-2014,69,1,1870201.0
10-2014,71,1,5112543.0
10-2014,72,1,3546645.0
10-2014,74,2,2639730.0999999996
10-2014,80,2,2966411.67
10-2014,87,2,8020237.4
10-2014,87,1,14182832.0
10-2014,98,1,2139566.0
10-2014,105,2,1597663.07
10-2014,73,2,594424.56
10-2015,1,2,1875680.51
10-2015,18,2,1212531.8599999999
10-2015,22,2,991942.99
10-2015,36,2,4324253.899999999
10-2015,49,2,15738099.51
10-2015,49,1,4490040.0
10-2015,51,2,250000.0
10-2015,55,2,2567093.7199999997
10-2015,60,1,9963628.0
10-2015,63,1,2532163.0
10-2015,67,2,602444.5
10-2015,67,1,2017489.0
10-2015,69,1,1200000.0
10-2015,74,2,135513.31
10-2015,74,1,11000547.0
10-2015,87,2,3287546.7300000004
10-2015,87,1,8590536.0
10-2015,88,2,23843663.950000003
10-2015,108,2,3169965.3099999996
10-2015,105,2,2476357.5500000003
10-2015,105,1,14942667.0
10-2015,107,1,1732576.0
10-2016,1,2,20491908.929999996
10-2016,18,2,1939497.74
10-2016,18,1,2754732.0
10-2016,22,2,150000.0
10-2016,25,1,5352736.0
10-2016,26,1,751729.0
10-2016,27,2,4550000.0
10-2016,36,2,3538375.3000000003
10-2016,36,1,9491863.0
10-2016,45,1,6838529.0
10-2016,49,2,32216930.409999996
10-2016,51,2,400000.0
10-2016,55,2,6046581.95
10-2016,67,2,821992.46
10-2016,80,2,1438704.21
10-2016,87,2,1539551.85
10-2016,88,2,25089627.630000006
10-2016,108,2,4619196.1899999995
10-2016,99,1,1498097.0
10-2016,105,1,2000000.0
10-2017,1,2,19853984.54
10-2017,1,1,9996905.0
10-2017,4,1,2154461.0
10-2017,7,1,12010342.0
10-2017,18,2,323266.0
10-2017,18,1,9995626.0
10-2017,19,1,10994963.0
10-2017,22,2,447972.55
10-2017,27,2,300000.18
10-2017,27,1,13958355.0
10-2017,29,1,3011838.0
10-2017,36,2,28235171.0
10-2017,49,2,10387600.3
10-2017,51,2,1388794.5799999998
10-2017,55,2,487524.69
10-2017,67,2,936028.03
10-2017,80,2,1030164.02
10-2017,80,1,1941051.0
10-2017,87,2,4255991.16
10-2017,88,2,3285440.7600000002
10-2017,91,2,1209337.11
10-2018,1,2,1992630.85
10-2018,7,1,5799857.0
10-2018,12,1,1502535.0
10-2018,14,1,900001.0
10-2018,18,1,589840.0
10-2018,26,1,10003768.0
10-2018,27,2,10325024.14
10-2018,32,1,746996.0
10-2018,36,2,14982727.97
10-2018,48,1,14425020.0
10-2018,49,2,2631581.11
10-2018,54,1,3509410.0
10-2018,58,1,10605330.0
10-2018,67,2,3001023.27
10-2018,71,1,3361689.0
10-2018,72,1,1351450.0
10-2018,77,1,1083631.0
10-2018,79,1,3976882.0
10-2018,80,2,446942.94
10-2018,80,1,19997876.0
10-2018,87,2,993618.82
10-2018,88,2,1487898.6600000001
10-2018,108,2,18070481.040000003
10-2018,91,2,8157672.989999999
10-2018,105,2,79392908.61000001
10-2018,107,1,3099371.0
10-2019,13,1,2012082.0
10-2019,16,1,3499921.0
10-2019,26,1,5999898.0
10-2019,27,2,5379195.9799999995
10-2019,49,2,25893802.199999996
10-2019,67,2,2196262.02
10-2019,71,1,7995737.0
10-2019,74,2,477517.1
10-2019,80,2,8292693.699999999
10-2019,80,1,13359766.0
10-2019,88,2,6805833.370000001
10-2019,108,2,6945142.26
10-2019,91,2,16896087.5
10-2019,98,2,1598338.9
10-2019,102,1,2681935.0
10-2019,103,1,3000000.0
10-2019,73,2,4327083.210000001
10-2020,1,2,17242208.02
10-2020,1,1,12999965.0
10-2020,18,2,160037.55
10-2020,27,2,28765607.64
10-2020,36,2,999841.03
10-2020,51,2,374448.44
10-2020,55,2,1493268.58
10-2020,66,1,6999888.0
10-2020,71,1,5019416.0
10-2020,72,2,13447586.91
10-2020,72,1,10601946.0
10-2020,74,2,2964810.6
10-2020,74,1,8328846.0
10-2020,80,2,9448644.290000001
10-2020,87,2,999974.77
10-2020,88,1,1799199.0
10-2020,91,2,19107110.03
10-2020,98,2,216050.0
10-2020,73,2,3145059.1
10-2021,1,2,8616930.44
10-2021,1,1,65227501.0
10-2021,18,2,1047387.71
10-2021,22,1,2006312.0
10-2021,27,2,11317425.48
10-2021,27,1,21708073.0
10-2021,36,2,7951551.340000001
10-2021,36,1,6000000.0
10-2021,45,1,3511303.0
10-2021,52,1,5001019.0
10-2021,66,1,500057.0
10-2021,67,1,10032677.0
10-2021,71,1,8500000.0
10-2021,72,1,7505165.0
10-2021,88,2,2573290.65
10-2021,88,1,1500000.0
10-2021,108,2,1745731.55
10-2021,91,2,391716.3
10-2021,91,1,10000747.0
10-2021,98,2,5145619.18
10-2021,105,2,1835014.9
10-2022,1,2,24742396.69
10-2022,18,2,5152141.79
10-2022,19,1,2700875.0
10-2022,25,1,7827734.0
10-2022,27,2,5937999.83
10-2022,27,1,2000011.0
10-2022,45,1,7038539.0
10-2022,55,2,6281899.32
10-2022,67,2,2697499.29
10-2022,69,1,3186691.0
10-2022,72,2,931978.1799999999
10-2022,72,1,8500000.0
10-2022,80,2,5133006.609999999
10-2022,80,1,6001611.0
10-2022,88,2,24731306.060000002
10-2022,108,2,24973314.18
10-2022,91,2,14357650.009999998
10-2022,105,2,19711624.14
10-2022,107,1,1508647.0
10-2022,73,2,200035.68
10-2023,1,2,22846623.22
10-2023,27,2,26799999.65
10-2023,27,1,10000000.0
10-2023,36,1,7500000.0
10-2023,55,2,997547.97
10-2023,58,1,3000000.0
10-2023,61,2,2097231.0
10-2023,67,2,4625439.9799999995
10-2023,71,2,4750000.98
10-2023,80,2,975000.0
10-2023,87,2,11203983.1
10-2023,88,2,1649960.08
10-2023,91,2,917438.25
10-2023,98,2,22137187.14
10-2023,105,2,350104.0
10-2023,73,2,8999845.52
10-2023,73,1,14500000.0
11-2006,36,1,2027145.0
11-2006,52,1,11833668.51
11-2006,87,1,10437041.35
11-2006,73,1,4829402.2
11-2007,7,1,14692303.0
11-2007,27,1,1219500.0
11-2007,30,1,3105354.0
11-2007,36,1,872224.0
11-2007,39,1,161599.0
11-2007,63,1,193654.0
11-2007,64,1,1693550.0
11-2007,81,1,416325.0
11-2007,107,1,600000.0
11-2008,19,1,2600021.0
11-2008,42,1,1483541.0
11-2008,44,1,600056.0
11-2008,45,1,1610705.0
11-2008,47,1,281196.0
11-2008,69,1,2999522.0
11-2008,74,1,1986835.0
11-2008,89,1,1585495.0
11-2008,105,1,1958754.0
11-2008,107,1,5000107.0
11-2009,17,1,474338.0
11-2009,34,1,2485827.0
11-2009,38,1,386544.0
11-2009,43,1,416056.0
11-2009,48,1,814249.0
11-2009,70,1,1788074.0
11-2009,91,1,3287464.0
11-2009,105,1,342475.0
11-2010,19,1,1277832.0
11-2010,38,1,563955.0
11-2010,67,1,6029657.0
11-2010,74,1,4600339.0
11-2010,87,2,118440.0
11-2010,94,1,1382064.0
11-2011,34,1,697587.0
11-2011,42,1,2201628.0
11-2011,70,1,2030597.0
11-2011,71,1,2650000.0
11-2011,79,1,1395954.0
11-2011,87,2,11049605.0
11-2011,91,1,321000.0
11-2011,96,1,3484733.0
11-2012,19,1,748007.0
11-2012,22,1,1093884.0
11-2012,25,1,5522753.0
11-2012,45,1,2935713.0
11-2012,63,1,751993.0
11-2012,67,1,5262062.0
11-2012,80,1,2576108.0
11-2012,87,2,12292812.0
11-2012,94,1,220042.0
11-2012,107,1,2006304.0
11-2013,22,2,391570.31
11-2013,36,2,358421.77
11-2013,52,1,1506314.0
11-2013,60,1,8049782.0
11-2013,74,2,2419374.7
11-2013,78,1,28982458.0
11-2013,81,1,2392374.0
11-2013,87,2,3645630.64
11-2013,105,2,1095226.75
11-2013,107,1,1967415.0
11-2014,1,2,9653323.709999999
11-2014,22,2,183051.0
11-2014,27,1,1000012.0
11-2014,36,2,397767.89
11-2014,36,1,14999770.0
11-2014,45,2,249978.75
11-2014,46,1,2600021.0
11-2014,52,1,9006478.0
11-2014,74,2,412540.99
11-2014,80,2,40240565.75000001
11-2014,80,1,843539.0
11-2014,87,2,8267179.68
11-2014,105,2,617111.8
11-2014,73,2,1987921.73
11-2015,1,2,11721418.129999999
11-2015,18,2,3749854.1799999997
11-2015,18,1,4851875.0
11-2015,36,2,1275299.0
11-2015,36,1,17003929.0
11-2015,46,1,2187908.0
11-2015,51,2,1277269.08
11-2015,55,2,70035.12
11-2015,67,2,764239.06
11-2015,78,1,1512074.0
11-2015,80,2,13324703.459999999
11-2015,87,2,11812826.82
11-2015,88,2,2677385.16
11-2015,108,2,12572038.63
11-2015,91,2,1141693.21
11-2015,99,1,1500314.0
11-2015,105,2,10634933.18
11-2015,107,1,6378136.0
11-2016,1,2,400722.42
11-2016,1,1,9782398.0
11-2016,18,1,230831.0
11-2016,22,2,649647.96
11-2016,27,2,11529516.200000001
11-2016,36,2,446807.23
11-2016,49,2,17675962.880000003
11-2016,51,2,2167348.11
11-2016,51,1,3266276.0
11-2016,55,2,6363722.38
11-2016,67,2,2596133.02
11-2016,79,1,2366915.0
11-2016,80,2,3911973.4
11-2016,87,2,2005930.41
11-2016,88,2,399998.84
11-2016,108,2,22014049.21
11-2016,91,2,3304569.1100000003
11-2016,105,2,2357047.69
11-2017,1,2,4037669.08
11-2017,22,2,150000.0
11-2017,49,2,5758302.349999999
11-2017,51,2,948007.36
11-2017,55,2,120000.0
11-2017,58,1,357812.0
11-2017,67,2,3519973.48
11-2017,72,2,1278753.29
11-2017,74,2,499998.0
11-2017,80,2,1624090.04
11-2017,87,2,2049713.7200000002
11-2017,88,2,1386079.98
11-2017,108,2,5964305.970000001
11-2017,91,2,723239.11
11-2017,104,1,4213259.0
11-2017,105,2,20390099.94
11-2018,1,2,10258844.200000001
11-2018,18,2,10621522.990000002
11-2018,27,2,2991330.94
11-2018,36,2,5687689.12
11-2018,51,2,3269183.04
11-2018,55,2,53125.5
11-2018,59,1,1000000.0
11-2018,67,2,316839.44
11-2018,72,1,901155.0
11-2018,80,2,599627.97
11-2018,87,2,1799849.18
11-2018,88,2,360000.0
11-2018,108,2,5471007.210000001
11-2018,91,2,8500706.530000001
11-2018,102,1,9202761.0
11-2018,105,2,10821772.88
11-2018,73,2,5042651.070000001
11-2019,1,2,31575273.569999993
11-2019,18,2,10045009.62
11-2019,27,2,7421331.219999999
11-2019,45,1,1054807.0
11-2019,49,2,1379641.18
11-2019,51,2,40320.81
11-2019,52,1,2809272.0
11-2019,71,1,949945.0
11-2019,78,1,3066075.0
11-2019,80,2,9939087.18
11-2019,80,1,503530.0
11-2019,87,2,2632535.6
11-2019,88,1,10799941.0
11-2019,108,2,452185.94
11-2019,91,2,3429245.65
11-2019,106,1,5998127.0
11-2019,73,2,10418377.75
11-2020,1,2,2049564.27
11-2020,13,1,6001148.0
11-2020,14,1,5000231.0
11-2020,22,1,3996369.0
11-2020,27,2,20499673.96
11-2020,36,2,250000.15
11-2020,45,1,5000000.0
11-2020,51,2,2079771.8900000001
11-2020,55,2,1563378.24
11-2020,72,2,2359717.1999999997
11-2020,72,1,2400000.0
11-2020,74,1,645314.0
11-2020,78,1,3113674.0
11-2020,80,2,5505857.33
11-2020,87,2,7080304.99
11-2020,88,2,1967577.41
11-2020,88,1,7940349.0
11-2020,110,1,2000000.0
11-2020,91,2,528528.15
11-2020,97,1,4999336.0
11-2020,104,1,2999889.0
11-2020,105,1,34999937.0
11-2020,73,2,4815861.3
11-2021,1,2,6099189.389999999
11-2021,27,2,444000.0
11-2021,27,1,350000.0
11-2021,36,2,10358158.389999999
11-2021,55,2,4496422.87
11-2021,71,2,6088799.640000001
11-2021,80,2,6939047.42
11-2021,87,1,500000.0
11-2021,88,2,15695740.4
11-2021,91,2,2409565.96
11-2021,91,1,2000000.0
11-2021,98,2,4916632.74
11-2021,105,2,2999998.25
11-2022,1,2,6009508.079999999
11-2022,2,1,3000120.0
11-2022,18,2,2547000.24
11-2022,19,1,4000060.0
11-2022,36,1,3999808.0
11-2022,53,1,1010290.0
11-2022,55,2,1439167.31
11-2022,55,1,5000000.0
11-2022,67,2,6914434.05
11-2022,72,2,10486209.369999995
11-2022,72,1,5493668.0
11-2022,80,2,2409369.9799999995
11-2022,87,2,12164264.229999997
11-2022,88,2,6468053.34
11-2022,91,2,3141369.49
11-2022,97,1,3000000.0
11-2022,98,2,19455940.39
11-2022,105,2,16681504.26
11-2023,1,2,71637830.63999999
11-2023,1,1,15000331.0
11-2023,5,1,3997630.0
11-2023,18,2,10747990.02
11-2023,27,2,1500000.0
11-2023,36,2,15899978.91
11-2023,55,2,3299005.68
11-2023,67,2,570000.96
11-2023,67,1,7000000.0
11-2023,80,1,19999945.0
11-2023,87,2,4088335.1799999992
11-2023,87,1,10000009.0
11-2023,88,2,3000000.0
11-2023,108,2,2559600.05
11-2023,91,2,7206524.81
11-2023,98,2,63262392.36
11-2023,101,1,1060000.0
11-2023,105,2,1000000.0
11-2023,105,1,3025000.0
11-2023,73,2,2099474.79
11-2023,73,1,500000.0
12-2006,1,1,19536288.61
12-2006,16,1,500000.0
12-2006,22,1,2220939.08
12-2006,49,1,3998590.0
12-2006,51,1,1000000.0
12-2006,52,1,2487750.0
12-2006,67,1,3803739.5
12-2006,78,1,2598304.84
12-2006,80,1,9994400.0
12-2006,89,1,5294866.12
12-2006,91,1,1177096.0
12-2006,93,1,1500000.0
12-2007,7,1,5000000.0
12-2007,30,1,774539.0
12-2007,36,1,1394589.0
12-2007,63,1,264290.0
12-2007,66,1,1070014.0
12-2007,69,1,1000000.0
12-2007,80,1,6220091.0
12-2007,83,1,348285.0
12-2007,93,1,209571.0
12-2008,45,1,3466039.0
12-2008,52,1,4517017.0
12-2008,53,1,1970556.0
12-2008,69,1,40376.0
12-2008,105,1,499999.0
12-2009,24,1,412313.0
12-2009,39,1,1000450.0
12-2009,46,1,1271408.0
12-2009,52,1,5000000.0
12-2009,69,1,6000000.0
12-2009,70,1,281702.0
12-2009,79,1,7948987.0
12-2009,87,1,33219558.0
12-2009,90,1,1320110.0
12-2009,99,1,144720.0
12-2009,105,1,763766.0
12-2010,10,1,2002541.0
12-2010,22,1,3640647.0
12-2010,49,1,1500000.0
12-2010,79,1,2004794.0
12-2011,19,1,3031648.0
12-2011,26,1,427131.0
12-2011,59,1,2000000.0
12-2011,63,1,2005832.0
12-2011,71,1,3351432.0
12-2011,78,1,2980718.0
12-2011,87,2,3922696.0
12-2012,35,1,3291599.0
12-2012,42,1,1654130.0
12-2012,45,1,1012261.0
12-2012,55,1,1000000.0
12-2012,60,1,3219663.0
12-2012,63,1,722992.0
12-2012,78,1,9958731.0
12-2012,87,2,6538858.350000001
12-2012,94,1,789779.0
12-2012,73,1,6687676.0
12-2013,18,1,8750712.0
12-2013,22,2,400000.0
12-2013,36,2,1199020.19
12-2013,36,1,1507993.0
12-2013,45,2,945244.3700000001
12-2013,67,2,78945.0
12-2013,74,2,2267349.5
12-2013,87,2,2929205.8600000003
12-2013,105,2,786616.9199999999
12-2013,73,2,300000.0
12-2014,1,2,1567627.63
12-2014,16,1,9791875.0
12-2014,18,1,14264013.0
12-2014,19,1,4960461.0
12-2014,27,1,4000905.0
12-2014,36,2,1000000.0
12-2014,42,1,2942308.0
12-2014,45,2,233816.4
12-2014,49,1,14871397.0
12-2014,58,1,3370496.0
12-2014,67,2,337517.18
12-2014,74,2,69999.92
12-2014,79,1,1784000.0
12-2014,80,2,397028.42000000004
12-2014,80,1,15875014.0
12-2014,87,2,6398731.640000001
12-2014,88,1,19924302.0
12-2014,97,1,5007893.0
12-2014,105,2,835563.53
12-2014,73,2,2090271.58
12-2015,1,2,1103853.75
12-2015,1,1,5802858.0
12-2015,2,1,5051640.0
12-2015,16,1,7005094.0
12-2015,18,2,277598.7
12-2015,18,1,6704715.0
12-2015,19,1,6997593.0
12-2015,22,2,215514.81
12-2015,34,1,2710000.0
12-2015,36,2,5032243.9799999995
12-2015,45,2,119999.97
12-2015,45,1,1986864.0
12-2015,51,2,1647963.59
12-2015,67,2,1379522.5699999998
12-2015,71,1,7031508.0
12-2015,80,2,8391650.7
12-2015,108,2,3565660.14
12-2015,91,2,399431.0
12-2015,105,2,450000.4
12-2015,73,2,741019.73
12-2016,1,2,43611.06
12-2016,7,1,3090269.0
12-2016,18,2,3334964.77
12-2016,22,2,180250.05
12-2016,27,2,32235747.0
12-2016,27,1,3989371.0
12-2016,36,2,244108.58
12-2016,45,1,3544711.0
12-2016,49,2,1028757.3899999999
12-2016,49,1,18353642.0
12-2016,51,2,3541127.1999999997
12-2016,51,1,1802587.0
12-2016,55,2,1276211.47
12-2016,67,2,354566.4
12-2016,87,2,7024062.870000001
12-2016,88,2,14795430.37
12-2016,108,2,5827656.54
12-2016,91,2,10699723.26
12-2016,105,2,52347218.73000001
12-2016,73,2,1684600.98
12-2017,1,2,1448981.48
12-2017,18,2,553000.0
12-2017,27,2,20145417.44
12-2017,36,2,1913658.44
12-2017,51,2,646403.06
12-2017,55,2,185963.88
12-2017,67,2,1857832.5699999998
12-2017,72,2,7710681.370000001
12-2017,80,2,4874431.93
12-2017,87,2,3319843.38
12-2017,108,2,10609838.1
12-2017,91,2,3668461.51
12-2017,105,2,27437962.35
12-2017,73,2,1568777.72
12-2018,1,2,8372241.28
12-2018,18,2,4509007.92
12-2018,27,2,13615439.560000002
12-2018,27,1,5724709.0
12-2018,36,2,7609244.669999999
12-2018,45,1,3157660.0
12-2018,49,2,7861978.759999999
12-2018,51,2,1119357.17
12-2018,55,2,7816006.1
12-2018,72,2,4953398.7
12-2018,72,1,3959223.0
12-2018,74,2,700000.0
12-2018,80,2,1833398.07
12-2018,87,2,8843971.08
12-2018,108,2,740859.28
12-2018,91,2,594489.5
12-2018,105,2,695199.33
12-2018,73,2,2532402.63
12-2019,1,2,6384669.23
12-2019,18,2,4836411.279999999
12-2019,27,2,7863033.02
12-2019,28,1,1248469.0
12-2019,49,2,3974364.43
12-2019,52,1,200000.0
12-2019,55,2,2525325.0
12-2019,56,1,2299995.0
12-2019,72,2,1360968.96
12-2019,80,2,8789291.63
12-2019,82,1,2707068.0
12-2019,87,2,9454529.030000001
12-2019,87,1,8000222.0
12-2019,88,2,8440557.819999998
12-2019,88,1,4199896.0
12-2019,108,2,1402826.17
12-2019,91,2,6708719.85
12-2019,98,2,462495.16000000003
12-2019,105,2,8763769.09
12-2019,106,1,1990547.0
12-2019,73,2,480081.63
12-2020,1,2,10793397.939999998
12-2020,1,1,15000000.0
12-2020,13,1,6000000.0
12-2020,18,2,4990972.87
12-2020,18,1,1000994.0
12-2020,22,1,1003631.0
12-2020,27,2,5117824.55
12-2020,31,1,1500000.0
12-2020,36,2,9308671.610000001
12-2020,36,1,26224654.0
12-2020,42,1,2522190.0
12-2020,46,1,3901926.0
12-2020,49,2,2133620.53
12-2020,51,2,439692.27
12-2020,70,1,2000000.0
12-2020,72,2,1229597.69
12-2020,80,2,8696700.54
12-2020,80,1,3500000.0
12-2020,87,2,2288134.06
12-2020,88,2,7739566.21
12-2020,108,2,14872661.530000001
12-2020,91,2,6137686.19
12-2020,98,2,112842.2
12-2020,105,1,30000000.0
12-2020,73,2,10396546.19
12-2021,1,2,3422237.4800000004
12-2021,13,1,5000015.0
12-2021,36,2,524368.4099999999
12-2021,36,1,24987778.0
12-2021,71,2,6393818.300000001
12-2021,78,1,11974601.0
12-2021,80,2,16711499.790000001
12-2021,87,2,999998.0
12-2021,87,1,7500000.0
12-2021,88,2,3656193.22
12-2021,88,1,12909258.0
12-2021,91,2,13420220.129999999
12-2021,98,2,1637852.95
12-2021,102,2,7466974.8
12-2021,105,2,1535005.42
12-2022,1,2,65432871.42
12-2022,7,1,9000000.0
12-2022,14,1,3500007.0
12-2022,16,1,6000109.0
12-2022,18,2,1500000.0
12-2022,27,2,1499965.6600000001
12-2022,27,1,10752260.0
12-2022,36,1,10003652.0
12-2022,55,2,4310596.96
12-2022,61,1,7000009.0
12-2022,66,1,4999997.0
12-2022,67,2,2008912.19
12-2022,67,1,10000901.0
12-2022,72,2,5104442.250000001
12-2022,80,2,3967869.28
12-2022,87,2,3730302.4600000004
12-2022,87,1,7000001.0
12-2022,88,2,4615289.28
12-2022,88,1,13999464.0
12-2022,91,2,12436377.43
12-2022,97,1,8000000.0
12-2022,98,2,39262074.529999994
12-2022,102,2,5918429.699999999
12-2022,102,1,7999999.0
12-2022,105,2,1237445.7999999998
12-2022,105,1,20033355.0
12-2022,73,2,501987.57
12-2023,1,2,4836391.340000001
12-2023,36,2,8599997.32
12-2023,55,2,800000.48
12-2023,59,1,4000000.0
12-2023,67,2,1000000.0
12-2023,87,2,4599665.82
12-2023,88,2,350000.0
12-2023,108,2,26831326.560000002
12-2023,91,2,5036813.94
12-2023,105,2,500121.96
12-2023,73,2,450000.0
