contributionYear,donorId,fundId,paidAmount,pledgedAmount
2006,124,36,5012000,0
2006,129,36,1553277,0
2006,163,36,247934,0
2006,183,36,8861284,0
2007,124,36,3395940,0
2007,129,36,2022775,0
2007,129,45,1833920,0
2007,158,73,4000000,0
2007,162,36,577564,0
2007,162,73,1469495,0
2007,183,36,7632792,0
2007,183,67,801603,0
2008,86,36,4352601,0
2008,88,36,857232,0
2008,124,36,25675584,0
2008,129,36,2644227,0
2008,129,45,367060,0
2008,129,73,713840,0
2008,158,36,1293661,0
2008,158,73,918635,0
2008,162,36,4090487,0
2008,162,45,2418250,0
2008,162,73,893735,0
2008,163,36,689852,0
2008,183,36,28489850,0
2008,183,45,921658,0
2008,183,67,1086956,0
2009,22,27,2158273,0
2009,52,36,4893091,0
2009,86,18,1461072,0
2009,86,27,738722,0
2009,86,36,2033132,0
2009,86,73,661375,0
2009,86,80,1480372,0
2009,88,36,1010101,0
2009,109,27,658761,0
2009,124,18,2941176,0
2009,124,27,16999970,0
2009,124,36,15441176,0
2009,124,73,1102941,0
2009,124,80,23823529,0
2009,129,22,993484,0
2009,129,27,3091160,0
2009,129,36,2232763,0
2009,129,73,778258,0
2009,129,80,15866005,0
2009,158,36,1443001,0
2009,162,18,2104324,0
2009,162,22,431790,0
2009,162,27,19836811,0
2009,162,36,6476849,0
2009,162,67,1563540,0
2009,162,73,3072519,0
2009,162,80,14742022,0
2009,163,36,699300,0
2009,163,73,499500,0
2009,183,18,1220000,0
2009,183,27,25057500,0
2009,183,36,11173248,0
2009,183,67,414593,0
2009,183,73,1436781,0
2009,183,80,60100166,0
2010,2,45,200000,0
2010,8,45,500000,0
2010,9,45,69920,0
2010,12,45,100000,0
2010,13,74,1803000,0
2010,15,45,499978,0
2010,15,74,1999956,0
2010,22,27,4789721,0
2010,23,45,86000,0
2010,28,45,128100,0
2010,28,74,103040,0
2010,29,45,7012539,0
2010,30,45,52543,0
2010,32,45,161186,0
2010,34,45,60000,0
2010,39,74,5000,0
2010,46,45,950000,0
2010,52,45,5308351,0
2010,52,80,4854368,0
2010,52,87,4317416,0
2010,52,105,876650,0
2010,60,45,1999977,0
2010,63,87,2617200,0
2010,64,45,6747638,0
2010,65,45,1000000,0
2010,81,74,20000000,0
2010,82,45,50000,0
2010,86,18,3052382,0
2010,86,27,4372682,0
2010,86,45,127064,0
2010,86,80,5032832,0
2010,86,87,1291672,0
2010,88,87,2618000,0
2010,94,45,99959,0
2010,94,74,99959,0
2010,95,45,1987,0
2010,109,27,610500,0
2010,110,45,5000,0
2010,114,45,70028,0
2010,114,74,12706,0
2010,116,45,90000,0
2010,118,45,20000,0
2010,124,18,2097902,0
2010,124,27,7097902,0
2010,124,36,9790210,0
2010,124,80,10209785,0
2010,124,87,9042657,0
2010,125,74,1454880,0
2010,126,45,2501000,0
2010,128,45,90000,0
2010,129,22,1005111,0
2010,129,27,3365273,0
2010,129,36,747030,0
2010,129,73,760184,0
2010,129,74,3211034,0
2010,129,80,19888823,0
2010,129,87,1700000,0
2010,148,45,50000000,0
2010,151,45,100000,0
2010,155,45,277777,0
2010,158,22,674763,0
2010,158,27,12517040,0
2010,158,36,1221001,0
2010,158,73,1622398,0
2010,158,80,17132700,0
2010,162,18,3998789,0
2010,162,22,437849,0
2010,162,27,15510048,0
2010,162,36,3696599,0
2010,162,45,817559,0
2010,162,80,13907975,0
2010,162,87,2558475,0
2010,162,105,951859,0
2010,163,87,936181,0
2010,171,45,1000000,0
2010,175,45,100000,0
2010,177,45,1070864,0
2010,183,18,2293577,0
2010,183,27,78399500,0
2010,183,73,1600000,0
2010,183,74,7824726,0
2010,183,87,6100000,0
2010,183,105,792393,0
2010,188,45,130000,0
2010,208,45,187766,0
2010,208,74,121053,0
2011,13,105,1036272,0
2011,15,87,100000,0
2011,30,45,61337,0
2011,46,45,400000,0
2011,52,36,5536273,0
2011,52,80,2995594,0
2011,52,87,11201375,0
2011,63,87,2811000,0
2011,73,87,75000,0
2011,86,18,3351745,0
2011,86,27,4723355,0
2011,86,36,962128,0
2011,86,80,4014009,0
2011,86,87,3403842,0
2011,86,105,273597,0
2011,88,36,709610,0
2011,109,27,652200,0
2011,116,45,10308,0
2011,119,74,70316,0
2011,124,27,5000000,0
2011,124,36,6875000,0
2011,124,80,14375000,0
2011,124,87,18700000,0
2011,129,22,1011518,0
2011,129,27,6945281,0
2011,129,36,2120037,0
2011,129,73,1701438,0
2011,129,74,1863077,0
2011,129,80,22753440,0
2011,129,87,15659747,0
2011,135,87,297920,0
2011,140,87,10000,0
2011,147,22,14245,0
2011,158,22,1368941,0
2011,158,27,6760950,0
2011,158,36,682128,0
2011,158,73,682128,0
2011,158,80,9350250,0
2011,162,18,4874075,0
2011,162,27,17442675,0
2011,162,36,6159600,0
2011,162,67,2199674,0
2011,162,73,1275600,0
2011,162,80,28378774,0
2011,162,87,8286100,0
2011,162,105,2232161,0
2011,163,36,1783533,0
2011,163,87,3374373,0
2011,163,105,542888,0
2011,183,27,35375250,0
2011,183,36,17813610,0
2011,183,80,78255000,0
2011,183,87,32648522,0
2011,183,105,2438729,0
2011,208,36,93,0
2011,208,74,26493,0
2012,13,67,1047200,0
2012,22,27,5222400,0
2012,52,36,902391,0
2012,52,73,1082836,0
2012,52,80,6711026,0
2012,52,87,5332480,0
2012,52,88,5123825,0
2012,52,105,1727782,0
2012,63,87,3990600,0
2012,67,87,2529700,0
2012,86,18,2465530,0
2012,86,27,8904493,0
2012,86,36,1093025,0
2012,86,73,62735,0
2012,86,80,2918882,0
2012,86,87,4291664,0
2012,86,88,2918882,0
2012,86,105,515841,0
2012,98,105,500000,0
2012,109,27,307425,0
2012,124,36,6428571,0
2012,124,80,5000000,0
2012,124,87,8500000,0
2012,124,88,20000000,0
2012,129,22,533789,0
2012,129,27,8462088,0
2012,129,36,820417,0
2012,129,74,874283,0
2012,129,80,10735343,0
2012,129,87,3474001,0
2012,129,88,12106629,0
2012,158,22,649350,0
2012,158,27,3833100,0
2012,158,36,649350,0
2012,158,73,649350,0
2012,158,80,3833100,0
2012,162,18,2918649,0
2012,162,27,18752448,0
2012,162,36,4486132,0
2012,162,73,1131120,0
2012,162,80,15106523,0
2012,162,87,6852934,0
2012,162,88,19082322,0
2012,162,105,1498231,0
2012,163,36,619973,0
2012,163,73,539956,0
2012,163,87,1801451,0
2012,163,105,969599,0
2012,183,27,44896950,0
2012,183,36,12558869,0
2012,183,74,4846526,0
2012,183,80,33469275,0
2012,183,87,25086400,0
2012,183,88,49695300,0
2012,183,105,3466108,0
2012,208,45,302,0
2013,3,87,1999978,0
2013,22,27,9306400,0
2013,52,80,3575898,0
2013,52,87,3553218,0
2013,52,88,7054289,0
2013,52,105,3624619,0
2013,63,87,3895200,0
2013,67,73,402178,0
2013,67,87,1320150,0
2013,80,73,200000,0
2013,82,91,499111,0
2013,86,18,2603140,0
2013,86,27,4987440,0
2013,86,36,663129,0
2013,86,73,137741,0
2013,86,80,3213040,0
2013,86,87,4580190,0
2013,86,88,3213040,0
2013,86,105,261780,0
2013,109,27,327350,0
2013,124,18,2500000,0
2013,124,27,1875000,0
2013,124,36,1250000,0
2013,124,80,2250000,0
2013,124,87,1562500,0
2013,124,88,5000000,0
2013,129,22,497993,0
2013,129,27,6842006,0
2013,129,36,829988,0
2013,129,73,1614481,0
2013,129,74,1681908,0
2013,129,80,10328266,0
2013,129,88,8547008,0
2013,129,105,1614481,0
2013,158,22,662251,0
2013,158,45,331125,0
2013,158,73,397350,0
2013,162,18,4495546,0
2013,162,22,611192,0
2013,162,27,12335973,0
2013,162,36,1515399,0
2013,162,45,757699,0
2013,162,67,757699,0
2013,162,73,458394,0
2013,162,74,3807371,0
2013,162,80,14516297,0
2013,162,87,9805302,0
2013,162,88,13997672,0
2013,162,105,2291972,0
2013,163,36,1294787,0
2013,163,73,2375422,0
2013,163,87,532708,0
2013,183,27,33292000,0
2013,183,36,9463722,0
2013,183,45,1908396,0
2013,183,74,4651162,0
2013,183,80,37239200,0
2013,183,87,28977300,0
2013,183,88,77014064,0
2013,183,105,3826632,0
2013,208,45,200,0
2014,13,1,371040,0
2014,13,67,1881400,0
2014,13,87,4383984,0
2014,13,88,7009884,0
2014,22,27,6255700,0
2014,22,88,6276525,0
2014,35,108,4175016,0
2014,52,18,5549167,0
2014,52,55,1004049,0
2014,52,73,982912,0
2014,52,80,1868600,0
2014,52,87,5602588,0
2014,52,88,8316944,0
2014,52,105,3425895,0
2014,52,108,2342782,0
2014,63,87,1860600,0
2014,64,108,622665,0
2014,67,51,1239157,0
2014,67,55,2478314,0
2014,67,73,627500,0
2014,67,87,1255980,0
2014,67,88,1957850,0
2014,67,91,2478314,0
2014,67,105,2504600,0
2014,67,108,7456637,0
2014,80,73,130000,0
2014,81,51,500000,0
2014,81,55,500000,0
2014,81,91,1000000,0
2014,86,18,3988740,0
2014,86,27,4573990,0
2014,86,36,679347,0
2014,86,73,133689,0
2014,86,80,3211790,0
2014,86,87,4042340,0
2014,86,88,4020240,0
2014,98,1,6000000,0
2014,98,105,300000,0
2014,109,18,341525,0
2014,109,27,344025,0
2014,109,91,317662,0
2014,124,18,16688500,0
2014,124,27,4605263,0
2014,124,80,3154750,0
2014,124,87,1268400,0
2014,124,88,15665100,0
2014,124,105,2717391,0
2014,129,1,1340450,0
2014,129,18,4912781,0
2014,129,22,483932,0
2014,129,27,4640483,0
2014,129,36,688136,0
2014,129,80,9861370,0
2014,129,88,11378411,0
2014,129,108,2064409,0
2014,141,108,19999960,0
2014,158,22,317525,0
2014,158,73,317662,0
2014,158,91,1169786,0
2014,158,108,501336,0
2014,162,1,11970374,0
2014,162,18,3667225,0
2014,162,22,583000,0
2014,162,27,7933175,0
2014,162,36,3450492,0
2014,162,45,1457500,0
2014,162,51,660796,0
2014,162,55,660796,0
2014,162,67,728750,0
2014,162,73,2845150,0
2014,162,74,8665802,0
2014,162,80,10559474,0
2014,162,87,10660599,0
2014,162,88,33224824,0
2014,162,91,1321592,0
2014,162,105,4372500,0
2014,162,108,1982389,0
2014,163,18,1614796,0
2014,163,22,368421,0
2014,163,36,989010,0
2014,163,73,2711433,0
2014,163,80,1087686,0
2014,163,87,2039940,0
2014,163,88,2049511,0
2014,163,105,1013171,0
2014,163,108,1828456,0
2014,183,1,25881600,0
2014,183,18,1671681,0
2014,183,27,30622300,0
2014,183,36,14598517,0
2014,183,45,1659000,0
2014,183,67,1658503,0
2014,183,80,22346951,0
2014,183,87,10975300,0
2014,183,88,42510000,0
2014,183,105,7913519,0
2014,183,108,5329153,0
2014,185,1,1087230,0
2014,208,36,4108,0
2015,13,1,6143577,0
2015,13,67,1127385,0
2015,13,87,3594485,0
2015,13,88,7395964,0
2015,22,51,5745097,0
2015,22,55,6304381,0
2015,22,73,2796420,0
2015,22,88,2205832,0
2015,22,91,6304381,0
2015,22,108,5558568,0
2015,52,1,3116235,0
2015,52,18,1494985,0
2015,52,36,2928684,0
2015,52,55,741179,0
2015,52,80,5271673,0
2015,52,87,6948397,0
2015,52,88,2985306,0
2015,52,105,3009904,0
2015,64,108,552486,0
2015,67,1,1070300,0
2015,67,49,5538076,0
2015,67,73,1639344,0
2015,67,80,1091580,0
2015,67,87,1091580,0
2015,67,88,1091580,0
2015,67,91,1096491,0
2015,67,105,1118568,0
2015,80,55,750000,0
2015,81,91,1000000,0
2015,86,18,3255570,0
2015,86,27,3258270,0
2015,86,36,4088301,0
2015,86,49,1096491,0
2015,86,73,221238,0
2015,86,80,2712840,0
2015,86,87,3274140,0
2015,86,88,3255570,0
2015,86,105,1710739,0
2015,86,108,1096491,0
2015,88,88,550665,0
2015,98,1,200000,0
2015,98,91,500000,0
2015,98,105,200000,0
2015,100,91,2500000,0
2015,109,18,281452,0
2015,109,27,264450,0
2015,109,91,281375,0
2015,111,91,500000,0
2015,124,18,4429852,0
2015,124,27,2232000,0
2015,124,36,5291005,0
2015,124,49,20672682,0
2015,124,51,3174603,0
2015,124,55,10317460,0
2015,124,80,2218734,0
2015,124,88,5346500,0
2015,124,91,10553728,0
2015,124,105,13202048,0
2015,124,108,31661184,0
2015,129,1,1147927,0
2015,129,18,742746,0
2015,129,27,1237910,0
2015,129,73,593264,0
2015,129,80,6622430,0
2015,129,88,9074469,0
2015,129,91,2895536,0
2015,129,108,1477428,0
2015,158,22,655737,0
2015,158,73,546448,0
2015,158,91,546448,0
2015,158,108,546448,0
2015,162,1,8073705,0
2015,162,18,2421115,0
2015,162,22,477042,0
2015,162,27,9912245,0
2015,162,36,706687,0
2015,162,45,596302,0
2015,162,49,943600,0
2015,162,51,1713153,0
2015,162,55,1142102,0
2015,162,67,589750,0
2015,162,73,1185208,0
2015,162,74,2020877,0
2015,162,80,6336249,0
2015,162,87,7055403,0
2015,162,88,12854446,0
2015,162,91,2372105,0
2015,162,105,6875815,0
2015,163,18,1003539,0
2015,163,22,613519,0
2015,163,36,3073942,0
2015,163,73,505050,0
2015,163,80,1047778,0
2015,163,87,1343028,0
2015,163,88,1770696,0
2015,163,91,3566237,0
2015,163,105,3159882,0
2015,163,108,711382,0
2015,183,1,18222600,0
2015,183,18,9132207,0
2015,183,27,21159621,0
2015,183,36,43381924,0
2015,183,49,29353019,0
2015,183,67,1626161,0
2015,183,74,3076923,0
2015,183,80,17299900,0
2015,183,87,7460500,0
2015,183,88,52844750,0
2015,183,105,27952634,0
2015,183,108,10132203,0
2016,13,1,5848785,0
2016,13,36,3160012,0
2016,13,49,1518213,0
2016,13,67,1101920,0
2016,13,87,1491997,0
2016,13,88,2237996,0
2016,22,18,4435023,0
2016,22,27,5543779,0
2016,22,49,3311258,0
2016,22,51,5918826,0
2016,22,55,6482524,0
2016,22,73,2818489,0
2016,22,88,2261200,0
2016,22,91,6482524,0
2016,22,108,5777903,0
2016,35,18,390228,0
2016,35,49,374930,0
2016,35,88,782350,0
2016,35,105,3810104,0
2016,49,49,10615,0
2016,52,1,4291119,0
2016,52,18,2869852,0
2016,52,36,1493988,0
2016,52,49,3553457,0
2016,52,67,1421326,0
2016,52,80,5264415,0
2016,52,87,6785322,0
2016,52,88,2896787,0
2016,52,91,2987977,0
2016,52,105,2842896,0
2016,52,108,3716153,0
2016,64,108,2234636,0
2016,67,1,9066875,0
2016,67,18,4278900,0
2016,67,36,2254791,0
2016,67,49,15984808,0
2016,67,55,1691093,0
2016,67,73,1698754,0
2016,67,80,1122900,0
2016,67,87,2245800,0
2016,67,88,2245800,0
2016,67,91,3865006,0
2016,67,105,14866830,0
2016,67,108,8649602,0
2016,80,91,300000,0
2016,86,18,3278970,0
2016,86,27,3278970,0
2016,86,36,1932059,0
2016,86,49,2733811,0
2016,86,51,1592356,0
2016,86,55,1061571,0
2016,86,73,212314,0
2016,86,80,3278970,0
2016,86,87,3278970,0
2016,86,88,3278970,0
2016,86,105,4377933,0
2016,86,108,2188966,0
2016,93,91,603658,0
2016,98,36,500000,0
2016,98,88,1000000,0
2016,98,91,500000,0
2016,98,105,300000,0
2016,109,18,279475,0
2016,109,27,285550,0
2016,109,88,678360,0
2016,109,91,284250,0
2016,111,91,50000,0
2016,124,1,6810000,0
2016,124,18,4451200,0
2016,124,27,6625200,0
2016,124,49,11476634,0
2016,124,51,1109877,0
2016,124,55,2219755,0
2016,124,80,6825000,0
2016,124,87,1115200,0
2016,124,88,6795600,0
2016,124,91,9100880,0
2016,124,105,11273957,0
2016,124,108,11098779,0
2016,129,1,3571965,0
2016,129,49,4338305,0
2016,129,73,706515,0
2016,129,80,2405002,0
2016,129,88,8131706,0
2016,129,91,5606254,0
2016,129,108,4678982,0
2016,141,108,5000000,0
2016,148,105,5000000,0
2016,158,22,560538,0
2016,158,73,560538,0
2016,158,91,1121076,0
2016,158,105,560538,0
2016,158,108,560538,0
2016,162,1,10471919,0
2016,162,18,4528145,0
2016,162,22,484384,0
2016,162,27,12187288,0
2016,162,36,968768,0
2016,162,49,3791365,0
2016,162,51,1210960,0
2016,162,55,1210960,0
2016,162,67,1210960,0
2016,162,73,2171779,0
2016,162,74,4480552,0
2016,162,80,9323777,0
2016,162,87,7506156,0
2016,162,88,7322432,0
2016,162,91,3577687,0
2016,162,105,8055809,0
2016,162,108,3925684,0
2016,163,1,399965,0
2016,163,18,616332,0
2016,163,22,306435,0
2016,163,36,1656253,0
2016,163,67,493096,0
2016,163,73,1910916,0
2016,163,80,496228,0
2016,163,87,1509813,0
2016,163,88,1024380,0
2016,163,91,1521298,0
2016,163,105,2999900,0
2016,163,108,1014198,0
2016,183,1,21632400,0
2016,183,18,5246200,0
2016,183,27,20214340,0
2016,183,36,40540878,0
2016,183,49,50071434,0
2016,183,51,2857142,0
2016,183,67,4133928,0
2016,183,74,2840909,0
2016,183,80,19633300,0
2016,183,87,6321500,0
2016,183,88,19528500,0
2016,183,91,8571428,0
2016,183,105,53137050,0
2016,183,108,17185916,0
2016,184,36,6700000,0
2016,184,49,5000000,0
2017,4,87,25000,0
2017,4,88,24965,0
2017,13,1,6103184,0
2017,13,67,2258696,0
2017,13,87,7355824,0
2017,13,88,7684561,0
2017,15,72,12500,0
2017,15,87,12500,0
2017,15,88,12500,0
2017,15,105,12500,0
2017,22,18,1796400,0
2017,22,27,3592800,0
2017,22,49,6739442,0
2017,22,51,1768867,0
2017,22,55,1768867,0
2017,22,72,2358490,0
2017,22,73,2830188,0
2017,22,88,4790400,0
2017,22,91,8549528,0
2017,22,105,4716981,0
2017,22,108,8549528,0
2017,35,18,377674,0
2017,35,49,369691,0
2017,35,67,374939,0
2017,35,72,775088,0
2017,35,87,857325,0
2017,35,88,934628,0
2017,35,105,4670968,0
2017,49,49,11848,0
2017,49,105,11200,0
2017,52,55,3207530,0
2017,52,72,4768187,0
2017,52,87,3171582,0
2017,52,88,4757373,0
2017,52,91,4811137,0
2017,52,105,9601027,0
2017,52,108,1603765,0
2017,64,55,592417,0
2017,64,108,5509397,0
2017,67,18,5772800,0
2017,67,27,8220700,0
2017,67,36,18851991,0
2017,67,49,46345496,0
2017,67,51,2369668,0
2017,67,55,3554502,0
2017,67,72,10168217,0
2017,67,73,2209384,0
2017,67,80,1082100,0
2017,67,87,12686285,0
2017,67,88,13147250,0
2017,67,91,2171552,0
2017,67,105,66868335,0
2017,67,108,11848341,0
2017,80,55,200000,0
2017,80,73,150000,0
2017,80,91,220000,0
2017,86,18,3588770,0
2017,86,27,3881464,0
2017,86,36,3678370,0
2017,86,49,2171552,0
2017,86,51,1600853,0
2017,86,55,1600853,0
2017,86,72,2275312,0
2017,86,73,355450,0
2017,86,80,3487086,0
2017,86,87,3194392,0
2017,86,88,3194392,0
2017,86,105,5824147,0
2017,86,108,1764705,0
2017,88,73,589622,0
2017,93,91,646830,0
2017,98,1,5899513,0
2017,98,36,500000,0
2017,98,72,1000000,0
2017,98,80,700000,0
2017,98,87,300000,0
2017,98,88,1000000,0
2017,98,105,1500000,0
2017,98,108,1000000,0
2017,108,105,21715,0
2017,109,18,266125,0
2017,109,27,266125,0
2017,109,67,265392,0
2017,109,72,284414,0
2017,109,88,266125,0
2017,109,91,265392,0
2017,114,72,21482,0
2017,114,73,35294,0
2017,114,105,117647,0
2017,124,18,2954500,0
2017,124,27,3519900,0
2017,124,49,6538102,0
2017,124,72,4807692,0
2017,124,87,5429600,0
2017,124,91,5336179,0
2017,124,105,8239779,0
2017,124,108,5937140,0
2017,129,1,2109293,0
2017,129,27,2782622,0
2017,129,36,1197036,0
2017,129,72,2967425,0
2017,129,73,511064,0
2017,129,80,1254657,0
2017,129,87,4497183,0
2017,129,88,9984876,0
2017,129,91,5806198,0
2017,129,105,5096821,0
2017,129,108,4728737,0
2017,158,22,588235,0
2017,158,72,597371,0
2017,158,73,823529,0
2017,158,91,1176470,0
2017,158,105,716845,0
2017,159,72,1250,0
2017,159,87,1250,0
2017,159,88,1250,0
2017,159,105,1250,0
2017,162,1,8363695,0
2017,162,18,2891590,0
2017,162,22,560594,0
2017,162,27,17014351,0
2017,162,36,5260129,0
2017,162,49,2018141,0
2017,162,51,1717580,0
2017,162,55,1717580,0
2017,162,67,1233308,0
2017,162,72,11911830,0
2017,162,73,1761113,0
2017,162,74,4484759,0
2017,162,80,7705915,0
2017,162,87,8400332,0
2017,162,88,8284457,0
2017,162,91,4190623,0
2017,162,105,8598541,0
2017,162,108,4190623,0
2017,163,1,199965,0
2017,163,18,1558616,0
2017,163,22,205761,0
2017,163,36,2099092,0
2017,163,67,205761,0
2017,163,72,1712383,0
2017,163,80,1166182,0
2017,163,87,2773231,0
2017,163,88,1734705,0
2017,163,91,993048,0
2017,163,105,3476152,0
2017,163,108,993048,0
2017,177,72,24982,0
2017,177,105,24982,0
2017,183,1,16076280,0
2017,183,18,7134625,0
2017,183,27,30731350,0
2017,183,36,21561440,0
2017,183,49,21222167,0
2017,183,51,2587322,0
2017,183,67,3221649,0
2017,183,74,2490660,0
2017,183,80,20858450,0
2017,183,87,4026000,0
2017,183,88,22383300,0
2017,183,91,1293661,0
2017,183,105,51087368,0
2017,183,108,12911603,0
2017,184,36,29500000,0
2017,184,105,5000000,0
2017,208,22,470,0
2017,208,36,950,0
2017,208,49,258,0
2017,208,55,78,0
2017,208,67,2213,0
2017,208,72,7751,0
2017,208,73,4287,0
2017,208,74,887,0
2017,208,91,98421,0
2017,208,105,86532,0
2018,9,105,5636,0
2018,13,1,764291,0
2018,13,67,2287436,0
2018,13,73,7466117,0
2018,13,87,3026520,0
2018,13,88,2580188,0
2018,22,18,1848900,0
2018,22,27,5450550,0
2018,22,49,3703703,0
2018,22,51,1851851,0
2018,22,55,1851851,0
2018,22,72,2469135,0
2018,22,73,2962962,0
2018,22,88,4930400,0
2018,22,91,8950617,0
2018,22,105,4938271,0
2018,22,108,8950617,0
2018,35,18,771724,0
2018,35,27,1592737,0
2018,35,49,381401,0
2018,35,67,773961,0
2018,35,72,77454,0
2018,35,74,388289,0
2018,35,87,1566968,0
2018,35,88,622261,0
2018,35,91,3090379,0
2018,35,105,4839774,0
2018,35,108,772594,0
2018,44,105,50000,0
2018,49,49,11376,0
2018,49,105,35377,0
2018,52,1,3032002,0
2018,52,18,3230495,0
2018,52,36,3053860,0
2018,52,49,2306940,0
2018,52,80,4038119,0
2018,52,87,4120041,0
2018,52,88,3043769,0
2018,52,91,4040857,0
2018,52,105,9663250,0
2018,52,108,4040857,0
2018,64,55,364050,0
2018,64,105,455062,0
2018,64,108,5867261,0
2018,67,1,568106,0
2018,67,18,6223800,0
2018,67,27,19536077,0
2018,67,36,14883566,0
2018,67,49,9318181,0
2018,67,51,2844141,0
2018,67,55,2844141,0
2018,67,67,1136363,0
2018,67,72,6590909,0
2018,67,73,5925094,0
2018,67,80,4557200,0
2018,67,87,13635600,0
2018,67,88,21095700,0
2018,67,105,43846578,0
2018,67,108,22574635,0
2018,80,55,251990,0
2018,80,72,239165,0
2018,80,73,239165,0
2018,80,91,251990,0
2018,86,18,3580776,0
2018,86,27,3675576,0
2018,86,36,8970117,0
2018,86,49,2469135,0
2018,86,51,1851851,0
2018,86,55,2415458,0
2018,86,72,2285714,0
2018,86,73,341296,0
2018,86,80,3635376,0
2018,86,87,3635376,0
2018,86,88,4802852,0
2018,86,105,6075927,0
2018,86,108,3086419,0
2018,88,51,585480,0
2018,88,73,568181,0
2018,88,108,1706484,0
2018,93,91,705218,0
2018,98,1,1000000,0
2018,98,18,200000,0
2018,98,27,500000,0
2018,98,36,300000,0
2018,98,72,1000000,0
2018,98,87,500000,0
2018,98,88,800000,0
2018,98,105,1000000,0
2018,100,91,100000,0
2018,100,105,5000000,0
2018,108,105,24691,0
2018,109,18,370535,0
2018,109,27,370535,0
2018,109,49,370370,0
2018,109,67,370370,0
2018,109,72,370370,0
2018,109,88,370535,0
2018,109,91,370370,0
2018,109,105,370370,0
2018,111,49,100000,0
2018,114,67,31055,0
2018,114,105,34722,0
2018,119,105,12345,0
2018,124,27,8250200,0
2018,124,49,8254716,0
2018,124,72,8254716,0
2018,124,87,4697600,0
2018,124,88,12472100,0
2018,124,91,6038647,0
2018,124,105,18966842,0
2018,124,108,14302059,0
2018,125,67,686598,0
2018,129,1,2163811,0
2018,129,27,2088084,0
2018,129,72,2790962,0
2018,129,73,7174971,0
2018,129,80,1234680,0
2018,129,87,5230807,0
2018,129,88,9918121,0
2018,129,91,5173465,0
2018,129,105,4320200,0
2018,129,108,5876508,0
2018,134,105,10000,0
2018,136,105,165136,0
2018,141,1,999960,0
2018,141,49,999991,0
2018,141,55,499995,0
2018,141,91,499995,0
2018,141,105,472899,0
2018,148,105,25000000,0
2018,158,73,707547,0
2018,158,91,1179245,0
2018,158,105,589622,0
2018,162,1,12196079,0
2018,162,18,1482102,0
2018,162,27,12160620,0
2018,162,36,6674818,0
2018,162,49,1893890,0
2018,162,51,3314696,0
2018,162,55,1893890,0
2018,162,67,1262593,0
2018,162,72,2525187,0
2018,162,73,3576132,0
2018,162,74,2903966,0
2018,162,80,7039986,0
2018,162,87,9782770,0
2018,162,88,9487463,0
2018,162,91,3201909,0
2018,162,105,10118651,0
2018,162,108,3945993,0
2018,163,1,1119930,0
2018,163,18,1511182,0
2018,163,36,1511597,0
2018,163,55,501504,0
2018,163,67,202020,0
2018,163,72,1518218,0
2018,163,73,3014111,0
2018,163,80,994332,0
2018,163,87,1529472,0
2018,163,88,1810735,0
2018,163,91,1015228,0
2018,163,105,3544189,0
2018,163,108,2526858,0
2018,181,105,25000000,0
2018,183,1,24011950,0
2018,183,18,8354890,0
2018,183,27,36518818,0
2018,183,36,25512638,0
2018,183,49,17170378,0
2018,183,67,3342245,0
2018,183,74,4078167,0
2018,183,80,23319400,0
2018,183,87,6441980,0
2018,183,88,16846050,0
2018,183,91,1278772,0
2018,183,105,39186128,0
2018,183,108,44771663,0
2018,184,36,14750000,0
2018,184,49,10000000,0
2018,184,67,4250000,0
2018,184,105,5000000,0
2018,200,1,2339,0
2018,200,18,10823,0
2018,200,27,887,0
2018,200,80,3491,0
2018,200,87,100158,0
2018,200,88,142709,0
2019,13,1,3593985,0
2019,13,67,3538018,0
2019,13,87,5289228,0
2019,13,88,2839592,0
2019,15,105,20000,0
2019,22,18,2251000,0
2019,22,27,6168071,0
2019,22,49,4545454,0
2019,22,51,1136363,0
2019,22,55,1704545,0
2019,22,72,3409090,0
2019,22,73,3977272,0
2019,22,88,3376500,0
2019,22,91,7954545,0
2019,22,105,5681818,0
2019,22,108,7954545,0
2019,35,1,381133,0
2019,35,18,762266,0
2019,35,27,2850712,0
2019,35,36,745291,0
2019,35,49,377210,0
2019,35,67,743658,0
2019,35,74,453733,0
2019,35,87,1442460,0
2019,35,88,764906,0
2019,35,91,3752924,0
2019,35,105,5250119,0
2019,35,108,1879910,0
2019,49,105,56818,0
2019,50,36,430607,0
2019,52,1,5224094,0
2019,52,18,3043167,0
2019,52,36,4143635,0
2019,52,55,1517344,0
2019,52,73,2204320,0
2019,52,87,7191743,0
2019,52,88,3815570,0
2019,52,91,5310669,0
2019,52,105,9746209,0
2019,52,108,3744245,0
2019,61,98,56882,0
2019,64,108,11479397,0
2019,67,1,3222746,0
2019,67,18,5599500,0
2019,67,27,11217000,0
2019,67,36,11273957,0
2019,67,49,1137656,0
2019,67,51,2200220,0
2019,67,55,2750275,0
2019,67,67,1668524,0
2019,67,72,6825938,0
2019,67,73,12471409,0
2019,67,80,3337905,0
2019,67,87,13460552,0
2019,67,88,14618350,0
2019,67,91,2229654,0
2019,67,98,2779709,0
2019,67,105,42142874,0
2019,67,108,29754607,0
2019,80,55,198838,0
2019,80,91,198838,0
2019,86,18,3366576,0
2019,86,27,3381876,0
2019,86,36,3373511,0
2019,86,49,1137656,0
2019,86,51,561167,0
2019,86,55,2244668,0
2019,86,72,1136363,0
2019,86,73,330033,0
2019,86,80,3439221,0
2019,86,87,3378576,0
2019,86,88,4504776,0
2019,86,105,5688282,0
2019,86,108,2805836,0
2019,88,36,551267,0
2019,88,49,550055,0
2019,88,51,550055,0
2019,88,55,1100110,0
2019,88,73,550055,0
2019,88,91,2197802,0
2019,91,91,400000,0
2019,93,18,578005,0
2019,93,91,451280,0
2019,93,105,515630,0
2019,98,1,1000000,0
2019,98,18,200000,0
2019,98,36,200000,0
2019,98,72,500000,0
2019,98,80,800000,0
2019,98,87,200000,0
2019,98,88,500000,0
2019,98,91,1000000,0
2019,98,98,400000,0
2019,98,105,2000000,0
2019,98,108,1000000,0
2019,100,105,2000000,0
2019,108,98,109409,0
2019,108,105,22753,0
2019,109,18,397727,0
2019,109,27,397727,0
2019,109,49,397727,0
2019,109,67,397727,0
2019,109,72,397727,0
2019,109,88,397727,0
2019,109,91,397727,0
2019,109,98,388888,0
2019,109,105,397727,0
2019,111,36,10000,0
2019,111,49,100000,0
2019,111,72,10000,0
2019,111,105,100000,0
2019,114,105,54945,0
2019,117,105,113765,0
2019,124,27,7793443,0
2019,124,49,5574136,0
2019,124,72,5574136,0
2019,124,80,2226698,0
2019,124,87,6786000,0
2019,124,88,7793443,0
2019,124,91,5406911,0
2019,124,105,12922332,0
2019,124,108,8593036,0
2019,125,36,1283250,0
2019,125,67,962438,0
2019,129,1,1539569,0
2019,129,27,1009709,0
2019,129,72,3917101,0
2019,129,73,1086524,0
2019,129,80,575996,0
2019,129,87,5569082,0
2019,129,88,7939618,0
2019,129,91,9796758,0
2019,129,98,722156,0
2019,129,105,3685037,0
2019,129,108,8652901,0
2019,134,105,10000,0
2019,135,98,516184,0
2019,141,1,999960,0
2019,141,49,999994,0
2019,141,55,499997,0
2019,141,91,999994,0
2019,158,72,287026,0
2019,158,73,663716,0
2019,158,91,1659292,0
2019,158,105,553097,0
2019,162,1,9345092,0
2019,162,18,1631568,0
2019,162,27,10811473,0
2019,162,36,7725706,0
2019,162,49,1514069,0
2019,162,51,1081478,0
2019,162,55,2664373,0
2019,162,67,865182,0
2019,162,72,3802685,0
2019,162,73,2162956,0
2019,162,74,2487399,0
2019,162,80,7555437,0
2019,162,87,8618020,0
2019,162,88,6481528,0
2019,162,91,6891650,0
2019,162,98,1077483,0
2019,162,105,8111086,0
2019,162,108,6363098,0
2019,163,1,599965,0
2019,163,18,653225,0
2019,163,36,1028806,0
2019,163,55,495540,0
2019,163,67,813008,0
2019,163,72,792864,0
2019,163,73,2981433,0
2019,163,80,3037795,0
2019,163,87,2084285,0
2019,163,88,1997203,0
2019,163,91,3290194,0
2019,163,105,4335376,0
2019,163,108,1510068,0
2019,176,105,381463,0
2019,183,1,67140220,0
2019,183,18,7263060,0
2019,183,27,30133044,0
2019,183,36,22928289,0
2019,183,49,7907542,0
2019,183,67,3152585,0
2019,183,74,2617801,0
2019,183,80,29021440,0
2019,183,87,4910080,0
2019,183,88,13849160,0
2019,183,91,19937525,0
2019,183,105,59831416,0
2019,183,108,51001902,0
2019,184,18,3000000,0
2019,184,36,9750000,0
2019,184,67,4500000,0
2019,184,80,8000000,0
2019,184,98,1000000,0
2019,184,105,5000000,0
2020,13,1,5864836,0
2020,13,67,4234529,0
2020,13,87,1306308,0
2020,13,88,2522590,0
2020,15,105,25000,0
2020,22,27,10031470,0
2020,22,49,4343105,0
2020,22,55,5109272,0
2020,22,72,5428881,0
2020,22,73,4343105,0
2020,22,88,2360346,0
2020,22,91,7600434,0
2020,22,105,5428881,0
2020,22,108,7600434,0
2020,31,98,54288,0
2020,31,105,54288,0
2020,35,1,2743088,0
2020,35,18,1445082,0
2020,35,27,4575743,0
2020,35,36,2891478,0
2020,35,49,746580,0
2020,35,51,734873,0
2020,35,67,1503930,0
2020,35,72,644281,0
2020,35,74,712877,0
2020,35,80,1731530,0
2020,35,87,2507031,0
2020,35,88,1444226,0
2020,35,91,5181458,0
2020,35,98,996524,0
2020,35,102,1092663,0
2020,35,105,4979937,0
2020,35,108,2612313,0
2020,49,51,12500,0
2020,49,55,12500,0
2020,49,73,24400,0
2020,49,91,12500,0
2020,49,105,28441,0
2020,52,36,3282575,0
2020,52,55,2280211,0
2020,52,80,2172063,0
2020,52,87,2979554,0
2020,52,88,4462703,0
2020,52,91,4560302,0
2020,52,105,5699282,0
2020,52,108,9085480,0
2020,61,80,181390,0
2020,61,98,54585,0
2020,62,88,3301500,0
2020,62,98,1118900,0
2020,63,73,1194743,0
2020,64,108,12937553,0
2020,67,1,5038556,0
2020,67,18,11340948,0
2020,67,27,13067141,0
2020,67,36,19506865,0
2020,67,49,9563067,0
2020,67,51,3377095,0
2020,67,55,6903252,0
2020,67,67,1671933,0
2020,67,72,12327465,0
2020,67,73,13822509,0
2020,67,74,3459464,0
2020,67,80,12619019,0
2020,67,87,16149151,0
2020,67,88,16442217,0
2020,67,91,2825219,0
2020,67,98,4499200,0
2020,67,105,26658767,0
2020,67,108,45053928,0
2020,70,105,35049,0
2020,80,1,235183,0
2020,80,55,349360,0
2020,80,73,169998,0
2020,80,91,202183,0
2020,86,1,531776,0
2020,86,18,3230376,0
2020,86,27,3190776,0
2020,86,36,4305841,0
2020,86,49,1102535,0
2020,86,55,2533611,0
2020,86,72,1091703,0
2020,86,73,444469,0
2020,86,80,3190776,0
2020,86,87,3204276,0
2020,86,88,2136176,0
2020,86,102,597371,0
2020,86,105,6689248,0
2020,86,108,2729257,0
2020,88,18,579344,0
2020,88,36,611995,0
2020,88,49,597371,0
2020,88,51,896057,0
2020,88,55,1173708,0
2020,88,73,597371,0
2020,88,80,579344,0
2020,88,91,1173708,0
2020,88,98,597371,0
2020,88,108,2239641,0
2020,93,18,373013,0
2020,93,91,258732,0
2020,93,105,323415,0
2020,94,1,50000,0
2020,98,1,2500000,0
2020,98,18,200000,0
2020,98,27,500000,0
2020,98,36,200000,0
2020,98,67,300000,0
2020,98,72,500000,0
2020,98,73,300000,0
2020,98,80,550000,0
2020,98,87,300000,0
2020,98,88,500000,0
2020,98,91,1000000,0
2020,98,98,400000,0
2020,98,102,800000,0
2020,98,105,2000000,0
2020,98,108,1000000,0
2020,108,105,115710,0
2020,109,1,414332,0
2020,109,18,414332,0
2020,109,27,414332,0
2020,109,49,411764,0
2020,109,67,411764,0
2020,109,72,411764,0
2020,109,88,414332,0
2020,109,91,411764,0
2020,109,98,411764,0
2020,109,105,411764,0
2020,111,105,100000,0
2020,114,105,33594,0
2020,124,1,4311804,0
2020,124,18,1847735,0
2020,124,27,10256650,0
2020,124,72,4912663,0
2020,124,80,4311804,0
2020,124,87,6050848,0
2020,124,88,11210195,0
2020,124,91,3711790,0
2020,124,105,15340581,0
2020,124,108,13138562,0
2020,125,36,1129100,0
2020,125,67,1120350,0
2020,125,108,1213200,0
2020,129,1,1613061,0
2020,129,27,1076724,0
2020,129,36,1046423,0
2020,129,72,2905134,0
2020,129,73,955257,0
2020,129,80,2105047,0
2020,129,87,4718936,0
2020,129,88,6438316,0
2020,129,91,7499230,0
2020,129,98,791345,0
2020,129,105,5221236,0
2020,129,108,7990917,0
2020,134,105,10000,0
2020,141,51,1000000,0
2020,141,55,1000000,0
2020,141,72,200000,0
2020,141,108,2999985,0
2020,154,55,117647,0
2020,158,72,358422,0
2020,158,73,716845,0
2020,158,91,1792114,0
2020,158,102,59737,0
2020,162,1,5905469,0
2020,162,18,1527276,0
2020,162,27,9942375,0
2020,162,36,5010845,0
2020,162,49,1066137,0
2020,162,51,1599206,0
2020,162,55,1599206,0
2020,162,67,852909,0
2020,162,72,1992469,0
2020,162,73,3271599,0
2020,162,80,5600014,0
2020,162,87,3563645,0
2020,162,88,5040013,0
2020,162,91,4264549,0
2020,162,98,533068,0
2020,162,105,9001198,0
2020,162,108,9665770,0
2020,163,1,2099900,0
2020,163,18,1911853,0
2020,163,36,1631882,0
2020,163,49,1062699,0
2020,163,55,1091115,0
2020,163,67,1635101,0
2020,163,72,2129685,0
2020,163,73,3155208,0
2020,163,80,2157063,0
2020,163,87,2052510,0
2020,163,88,1049315,0
2020,163,91,2125398,0
2020,163,102,489130,0
2020,163,105,2585315,0
2020,163,108,3152122,0
2020,177,67,1000000,0
2020,183,1,29010900,0
2020,183,18,7426800,0
2020,183,27,4025700,0
2020,183,36,14128983,0
2020,183,49,4675901,0
2020,183,51,2472187,0
2020,183,67,1930501,0
2020,183,74,5703178,0
2020,183,80,37386680,0
2020,183,87,4644600,0
2020,183,88,8962450,0
2020,183,91,12670226,0
2020,183,102,2403204,0
2020,183,105,13037809,0
2020,183,108,33638847,0
2020,184,36,8000000,0
2020,184,67,2000000,0
2020,200,1,3090,0
2020,200,18,3332,0
2020,200,27,20813,0
2020,200,36,9156,0
2020,200,49,9647,0
2020,200,51,97,0
2020,200,55,312,0
2020,200,67,39452,0
2020,200,72,6898,0
2020,200,73,3460,0
2020,200,80,2913,0
2020,200,87,23134,0
2020,200,88,17899,0
2020,200,91,23973,0
2020,200,98,253,0
2020,200,105,212387,0
2020,200,108,180,0
2020,208,105,500,0
2021,13,1,1572815,0
2021,13,67,3859750,0
2021,15,36,16666,0
2021,15,72,16666,0
2021,15,88,16666,0
2021,15,105,46666,0
2021,15,248,16666,0
2021,22,1,2262048,0
2021,22,27,10348724,0
2021,22,55,8374551,0
2021,22,72,6097560,0
2021,22,73,7209050,0
2021,22,91,8536585,0
2021,22,105,6097560,0
2021,22,108,4878048,0
2021,22,248,3537735,0
2021,30,105,50000,0
2021,35,1,6488047,0
2021,35,18,2500031,0
2021,35,27,6434478,0
2021,35,36,7133800,0
2021,35,49,1195081,0
2021,35,55,796720,0
2021,35,67,806727,0
2021,35,72,3118137,0
2021,35,74,1195081,0
2021,35,80,5044012,0
2021,35,87,4059439,0
2021,35,88,3556244,0
2021,35,91,3186882,0
2021,35,98,1991801,0
2021,35,102,2876529,0
2021,35,105,8647444,0
2021,35,108,3186882,0
2021,35,248,120804,0
2021,35,249,597453,0
2021,48,1,136085,0
2021,49,1,57176,0
2021,49,105,24479,0
2021,52,1,16099276,0
2021,52,36,4606565,0
2021,52,55,2449623,0
2021,52,91,4082678,0
2021,52,105,5717182,0
2021,52,108,6389530,0
2021,52,248,5356371,0
2021,52,249,5592952,0
2021,61,80,58760,0
2021,61,98,60975,0
2021,62,88,3386766,0
2021,62,98,1162790,0
2021,64,1,13513513,0
2021,64,18,563063,0
2021,64,36,1219512,0
2021,64,55,609756,0
2021,64,73,304878,0
2021,64,105,1219512,0
2021,64,108,12566766,0
2021,64,248,1219512,0
2021,67,1,93458567,0
2021,67,18,15133916,0
2021,67,27,23347749,0
2021,67,36,24735113,0
2021,67,49,9917118,0
2021,67,51,2344665,0
2021,67,55,8067709,0
2021,67,67,4031380,0
2021,67,72,13878219,0
2021,67,73,12651831,0
2021,67,80,24286456,0
2021,67,87,27883840,0
2021,67,88,19818479,0
2021,67,91,3516998,0
2021,67,98,5897975,0
2021,67,102,4161712,0
2021,67,105,29006116,0
2021,67,108,64405095,0
2021,67,248,1126126,0
2021,67,249,5966587,0
2021,70,1,36844,0
2021,70,105,35799,0
2021,80,1,192604,0
2021,80,55,194295,0
2021,80,73,196263,0
2021,80,91,194295,0
2021,80,105,196263,0
2021,80,249,207314,0
2021,86,1,1738730,0
2021,86,18,3638390,0
2021,86,27,3003490,0
2021,86,36,11399880,0
2021,86,49,1193317,0
2021,86,55,1789976,0
2021,86,67,563063,0
2021,86,72,1210653,0
2021,86,73,475808,0
2021,86,80,3638390,0
2021,86,87,4164581,0
2021,86,88,3028740,0
2021,86,102,563063,0
2021,86,105,7223686,0
2021,86,108,4056958,0
2021,86,249,563063,0
2021,88,1,12055451,0
2021,88,18,1175209,0
2021,88,36,582750,0
2021,88,49,563063,0
2021,88,51,582750,0
2021,88,55,1407657,0
2021,88,91,2358490,0
2021,88,108,1789976,0
2021,91,49,400000,0
2021,91,91,400000,0
2021,93,18,347805,0
2021,93,36,132978,0
2021,93,91,349162,0
2021,93,105,488826,0
2021,98,67,300000,0
2021,98,73,500000,0
2021,98,91,1000000,0
2021,98,98,400000,0
2021,98,102,800000,0
2021,98,105,2500000,0
2021,98,108,1500000,0
2021,98,248,750000,0
2021,98,249,750000,0
2021,108,98,121951,0
2021,108,105,117233,0
2021,109,1,426038,0
2021,109,18,365175,0
2021,109,27,426038,0
2021,109,49,365853,0
2021,109,67,426829,0
2021,109,72,695345,0
2021,109,88,365175,0
2021,109,91,1000223,0
2021,109,98,426829,0
2021,109,105,426829,0
2021,109,248,426829,0
2021,111,105,100000,0
2021,114,105,59241,0
2021,115,105,50000,0
2021,119,1,100000,0
2021,120,27,25000,0
2021,124,1,23078900,0
2021,124,27,7247790,0
2021,124,80,7247790,0
2021,124,87,8455755,0
2021,124,88,9663720,0
2021,124,91,4689331,0
2021,124,105,14067995,0
2021,124,108,10550996,0
2021,124,248,5733944,0
2021,125,36,1217825,0
2021,125,67,1217825,0
2021,129,1,3512564,0
2021,129,27,1201821,0
2021,129,36,4015300,0
2021,129,72,1818792,0
2021,129,73,1212528,0
2021,129,80,1741437,0
2021,129,87,4002260,0
2021,129,88,5807320,0
2021,129,91,11256421,0
2021,129,98,727517,0
2021,129,102,400134,0
2021,129,105,4217950,0
2021,129,108,11794886,0
2021,129,248,1212528,0
2021,129,249,1212528,0
2021,134,105,10000,0
2021,141,51,499995,0
2021,141,55,499995,0
2021,141,108,999995,0
2021,143,98,28669,0
2021,158,73,1126126,0
2021,158,91,1689189,0
2021,158,102,563063,0
2021,162,1,8639846,0
2021,162,18,1379286,0
2021,162,27,5747025,0
2021,162,36,5402204,0
2021,162,49,804583,0
2021,162,55,1724107,0
2021,162,67,1609167,0
2021,162,72,2528691,0
2021,162,73,2298810,0
2021,162,80,2873512,0
2021,162,87,5652998,0
2021,162,88,3793036,0
2021,162,91,4597620,0
2021,162,98,344821,0
2021,162,105,6321728,0
2021,162,108,6892676,0
2021,163,1,4157795,0
2021,163,18,1411956,0
2021,163,36,2513186,0
2021,163,55,1102535,0
2021,163,67,1624618,0
2021,163,72,1088139,0
2021,163,73,3299622,0
2021,163,87,1052562,0
2021,163,88,2167738,0
2021,163,91,1079913,0
2021,163,102,548847,0
2021,163,105,3273440,0
2021,163,108,5668231,0
2021,163,248,648648,0
2021,163,249,994594,0
2021,177,67,2000000,0
2021,177,91,149975,0
2021,177,105,149975,0
2021,183,1,82416700,0
2021,183,18,4774960,0
2021,183,36,18268289,0
2021,183,49,10556578,0
2021,183,67,3424759,0
2021,183,80,13638000,0
2021,183,87,3436500,0
2021,183,88,3377640,0
2021,183,91,4797432,0
2021,183,102,329380,0
2021,183,108,19845129,0
2021,184,18,3000000,0
2021,184,36,12000000,0
2021,184,67,1000000,0
2021,184,80,7610000,0
2021,184,98,1000000,0
2021,184,105,5801104,0
2021,200,1,143760,0
2021,200,18,1431,0
2021,200,27,13991,0
2021,200,36,3775,0
2021,200,49,3188,0
2021,200,51,149,0
2021,200,55,32697,0
2021,200,67,6654,0
2021,200,72,4372,0
2021,200,73,9262,0
2021,200,74,24,0
2021,200,80,11340,0
2021,200,87,5222,0
2021,200,88,8882,0
2021,200,91,10885,0
2021,200,98,2080,0
2021,200,105,153652,0
2021,200,108,2593,0
2021,208,55,502,0
2022,13,1,13899486,0
2022,13,67,3865829,0
2022,13,98,11057065,0
2022,15,105,30000,0
2022,18,1,116009,0
2022,22,1,3147957,0
2022,22,27,9402598,0
2022,22,55,4494382,0
2022,22,72,5617977,0
2022,22,73,4494382,0
2022,22,91,7865168,0
2022,22,98,8763388,0
2022,22,105,5617977,0
2022,22,108,4494382,0
2022,22,248,3370786,0
2022,31,98,85197,0
2022,35,18,2232215,0
2022,35,27,4384816,0
2022,35,36,7971029,0
2022,35,49,997477,0
2022,35,55,1316670,0
2022,35,67,1994955,0
2022,35,72,2789639,0
2022,35,80,4898599,0
2022,35,87,4776944,0
2022,35,88,2868398,0
2022,35,91,3191928,0
2022,35,98,41972162,0
2022,35,102,1196973,0
2022,35,105,7497184,0
2022,35,108,3191928,0
2022,35,248,796332,0
2022,35,249,797982,0
2022,48,1,100000,0
2022,49,1,30762,0
2022,49,98,110515,0
2022,49,105,27901,0
2022,52,1,2482830,0
2022,52,36,6992086,0
2022,52,55,4213310,0
2022,52,87,8570997,0
2022,52,91,4915425,0
2022,52,98,9551080,0
2022,52,105,5336695,0
2022,52,108,5476911,0
2022,61,98,194506,0
2022,62,88,2983374,0
2022,62,102,2008864,0
2022,63,98,8024072,0
2022,64,36,1050420,0
2022,64,55,1050420,0
2022,64,98,18103403,0
2022,64,105,1050420,0
2022,64,108,11312601,0
2022,64,248,525210,0
2022,64,249,525210,0
2022,67,1,113526680,0
2022,67,18,11325652,0
2022,67,27,17426721,0
2022,67,36,20701278,0
2022,67,55,4844961,0
2022,67,67,12327707,0
2022,67,72,12420453,0
2022,67,73,16760347,0
2022,67,80,17026163,0
2022,67,87,14277508,0
2022,67,88,15392982,0
2022,67,98,62100525,0
2022,67,102,3076247,0
2022,67,105,33717873,0
2022,67,108,43857199,0
2022,67,248,4200448,0
2022,67,249,11682029,0
2022,70,105,31023,0
2022,73,1,25000,0
2022,73,105,50000,0
2022,80,1,308190,0
2022,80,55,194507,0
2022,80,73,192618,0
2022,80,91,194643,0
2022,80,98,531063,0
2022,80,105,194386,0
2022,80,249,176516,0
2022,86,1,2642991,0
2022,86,18,2624250,0
2022,86,27,2537500,0
2022,86,36,7388542,0
2022,86,49,1095290,0
2022,86,55,3178030,0
2022,86,67,533049,0
2022,86,72,1002004,0
2022,86,73,623767,0
2022,86,80,6453881,0
2022,86,87,8561081,0
2022,86,88,5905131,0
2022,86,98,3285870,0
2022,86,102,533049,0
2022,86,105,6646455,0
2022,86,108,2738225,0
2022,86,249,1066098,0
2022,88,36,2072538,0
2022,88,55,1543209,0
2022,88,67,2057613,0
2022,88,73,1113488,0
2022,88,91,3086419,0
2022,88,98,6571741,0
2022,88,108,2057613,0
2022,91,49,280596,0
2022,91,91,200673,0
2022,91,98,4500000,0
2022,93,18,198641,0
2022,93,36,121212,0
2022,93,88,198641,0
2022,93,91,196335,0
2022,93,98,160642,0
2022,93,105,134048,0
2022,98,1,1504559,0
2022,98,55,200000,0
2022,98,67,200000,0
2022,98,91,1000000,0
2022,98,98,2650000,0
2022,98,105,2000000,0
2022,98,249,191939,0
2022,100,105,1000000,0
2022,108,98,337078,0
2022,108,105,32258,0
2022,109,1,368373,0
2022,109,18,315748,0
2022,109,27,368373,0
2022,109,36,799573,0
2022,109,49,326086,0
2022,109,67,380434,0
2022,109,72,908268,0
2022,109,88,315748,0
2022,109,91,380434,0
2022,109,98,913483,0
2022,109,105,380434,0
2022,109,248,380434,0
2022,111,105,100000,0
2022,120,105,1000000,0
2022,124,1,21628900,0
2022,124,27,7570115,0
2022,124,80,7570115,0
2022,124,87,9733005,0
2022,124,88,9733005,0
2022,124,91,5580357,0
2022,124,98,22321428,0
2022,124,105,14508928,0
2022,124,108,10044642,0
2022,124,248,6696428,0
2022,125,36,1088150,0
2022,125,67,1709950,0
2022,125,98,1363400,0
2022,129,1,734246,0
2022,129,27,508022,0
2022,129,36,5638438,0
2022,129,72,1231019,0
2022,129,73,1025849,0
2022,129,80,2046020,0
2022,129,87,7790357,0
2022,129,88,4084451,0
2022,129,91,7813104,0
2022,129,98,13427160,0
2022,129,102,1085466,0
2022,129,105,4645750,0
2022,129,108,8557359,0
2022,129,248,512924,0
2022,129,249,512924,0
2022,134,1,200000,0
2022,134,98,100000,0
2022,134,105,100000,0
2022,155,98,219058,0
2022,158,73,798722,0
2022,158,91,1597444,0
2022,158,98,5376344,0
2022,158,102,1064962,0
2022,162,1,9233633,0
2022,162,27,4158412,0
2022,162,36,6172551,0
2022,162,55,1748889,0
2022,162,67,1646013,0
2022,162,72,2263269,0
2022,162,73,2263269,0
2022,162,87,6888402,0
2022,162,88,4158412,0
2022,162,91,3600655,0
2022,162,98,7117244,0
2022,162,105,7715689,0
2022,162,108,6059359,0
2022,163,1,3222122,0
2022,163,18,1892770,0
2022,163,36,1547602,0
2022,163,55,1447236,0
2022,163,67,1574551,0
2022,163,72,1006036,0
2022,163,73,2604333,0
2022,163,80,832529,0
2022,163,87,1111040,0
2022,163,88,1622721,0
2022,163,91,1545682,0
2022,163,98,26920656,0
2022,163,102,1044143,0
2022,163,105,3862212,0
2022,163,108,4195840,0
2022,163,249,263157,0
2022,183,1,101658000,0
2022,183,18,4936540,0
2022,183,36,9451977,0
2022,183,49,361445,0
2022,183,67,2392874,0
2022,183,72,1648351,0
2022,183,80,2937120,0
2022,183,87,4446300,0
2022,183,88,3017342,0
2022,183,91,3602394,0
2022,183,98,41856660,0
2022,183,108,12711850,0
2022,184,18,6000000,0
2022,184,80,8000000,0
2022,184,98,20000000,0
2022,184,102,2000000,0
2022,184,105,5000000,0
2022,184,108,3000000,0
2022,200,1,174365,0
2022,200,36,9017,0
2022,200,49,2337,0
2022,200,51,747,0
2022,200,55,5420,0
2022,200,67,5263,0
2022,200,72,528,0
2022,200,73,7393,0
2022,200,91,7187,0
2022,200,98,9067116,0
2022,200,105,49411,0
2022,200,108,652,0
2022,200,248,812,0
2022,200,249,23,0
2022,208,98,314869,0
2023,13,1,5115875,0
2023,13,67,7485924,0
2023,13,87,2033486,0
2023,13,98,6754959,0
2023,14,108,1072961,0
2023,15,105,29978,0
2023,22,27,9169363,0
2023,22,55,4314994,0
2023,22,72,2157497,0
2023,22,73,4314994,0
2023,22,91,7551240,0
2023,22,105,5393743,0
2023,22,108,4318814,0
2023,22,248,3236245,0
2023,30,91,19007,0
2023,30,108,19007,0
2023,31,98,52742,0
2023,35,18,1480497,0
2023,35,27,2979172,0
2023,35,36,10953832,0
2023,35,55,1858542,0
2023,35,67,4163135,0
2023,35,72,1858542,0
2023,35,80,6653150,0
2023,35,87,6703137,0
2023,35,88,3333391,0
2023,35,91,1490435,0
2023,35,98,2261316,0
2023,35,102,1486834,0
2023,35,105,3717085,0
2023,35,108,2609162,0
2023,35,248,1115125,0
2023,35,249,743417,0
2023,35,252,1486834,0
2023,49,91,160599,0
2023,49,105,53533,0
2023,52,36,2995065,0
2023,52,55,2927090,0
2023,52,87,2957983,3023758
2023,52,91,3647748,0
2023,52,98,3764723,0
2023,52,105,5690403,0
2023,52,108,6218485,0
2023,56,27,15000,0
2023,61,36,21574,0
2023,61,87,21574,0
2023,62,1,3225774,0
2023,62,88,3258336,0
2023,62,98,2181025,0
2023,62,102,2202643,0
2023,63,36,2195389,0
2023,63,98,5488474,0
2023,63,108,6586169,0
2023,64,27,545256,0
2023,64,36,1090512,0
2023,64,55,2181025,0
2023,64,73,272628,0
2023,64,98,6543075,0
2023,64,105,1090512,0
2023,64,108,11839685,0
2023,64,248,654307,0
2023,64,249,654307,0
2023,67,1,0,5020080
2023,67,18,4334764,0
2023,67,27,4546002,0
2023,67,36,14663578,0
2023,67,67,4928806,0
2023,67,72,3262391,0
2023,67,73,4662789,0
2023,67,80,7088115,0
2023,67,87,9149655,0
2023,67,88,3911836,0
2023,67,91,5359056,0
2023,67,98,10952902,0
2023,67,102,2190580,0
2023,67,108,21436227,0
2023,67,248,2440922,0
2023,67,249,2440922,0
2023,67,252,2190580,0
2023,70,108,0,110864
2023,80,1,284961,0
2023,80,55,293341,0
2023,80,73,221222,0
2023,80,91,641967,0
2023,80,98,737626,0
2023,80,105,183136,0
2023,80,252,220005,0
2023,86,1,1603775,0
2023,86,18,3211679,0
2023,86,27,3025302,0
2023,86,36,5403366,0
2023,86,55,2750275,0
2023,86,67,529661,0
2023,86,72,1090512,0
2023,86,73,327153,0
2023,86,80,4320326,0
2023,86,87,3207560,0
2023,86,88,2940262,0
2023,86,98,2188183,0
2023,86,102,0,537056
2023,86,105,6600660,0
2023,86,108,3720116,0
2023,86,249,1090512,0
2023,88,1,5232544,0
2023,88,18,528194,0
2023,88,91,6017505,0
2023,88,108,6017505,0
2023,91,1,0,89365
2023,91,36,335240,0
2023,91,91,335245,0
2023,91,98,462962,0
2023,91,105,335240,0
2023,91,108,335245,0
2023,93,18,135069,0
2023,93,88,177419,0
2023,93,91,90252,0
2023,93,105,135379,0
2023,98,55,0,300000
2023,98,67,500000,0
2023,98,73,500000,0
2023,98,80,500000,0
2023,98,91,0,1000000
2023,98,98,500000,0
2023,98,105,2000000,0
2023,98,108,1000000,0
2023,100,105,1000000,0
2023,104,91,75026,0
2023,108,98,164293,0
2023,108,105,53533,0
2023,109,1,376596,0
2023,109,18,322797,0
2023,109,27,376596,0
2023,109,36,327510,0
2023,109,67,382096,0
2023,109,72,109170,0
2023,109,87,1127853,0
2023,109,88,322797,0
2023,109,91,382096,0
2023,109,98,382096,0
2023,109,105,382096,0
2023,109,108,545851,0
2023,109,248,382096,0
2023,111,105,100000,0
2023,115,108,6000000,0
2023,124,1,26865000,0
2023,124,27,13010674,0
2023,124,36,13969800,0
2023,124,80,13010674,0
2023,124,87,21676758,0
2023,124,88,21676758,0
2023,124,91,8591222,0
2023,124,98,21492000,0
2023,124,105,25762513,0
2023,124,108,15030456,0
2023,124,248,8596800,0
2023,125,36,1073800,0
2023,125,67,1816800,0
2023,125,98,1204800,0
2023,129,1,1814432,0
2023,129,27,907216,0
2023,129,36,4536080,0
2023,129,55,526185,0
2023,129,67,2748909,0
2023,129,72,3175256,0
2023,129,73,1360824,0
2023,129,80,1995875,0
2023,129,87,5443296,0
2023,129,88,3628864,0
2023,129,91,7378717,0
2023,129,98,10160960,0
2023,129,102,1270102,0
2023,129,105,3175256,0
2023,129,108,10221354,0
2023,129,248,907216,0
2023,129,249,453608,0
2023,129,252,1814432,0
2023,134,80,10000,0
2023,134,105,100000,0
2023,136,36,53937,0
2023,136,87,53937,0
2023,140,98,100,0
2023,140,108,10000,0
2023,152,91,100000,0
2023,154,87,108353,0
2023,155,108,211864,0
2023,162,1,7668561,0
2023,162,18,1437855,0
2023,162,27,3834280,0
2023,162,36,7649022,0
2023,162,55,2294706,0
2023,162,67,2453663,0
2023,162,72,2390319,0
2023,162,73,2103481,0
2023,162,80,1917140,0
2023,162,87,2875710,0
2023,162,88,4792850,0
2023,162,91,3346447,0
2023,162,98,2868383,0
2023,162,102,1434191,0
2023,162,105,4780639,0
2023,162,108,4302575,0
2023,163,1,1675977,0
2023,163,18,1116071,0
2023,163,36,1674107,948945
2023,163,55,1608938,0
2023,163,67,2192016,0
2023,163,72,1102535,0
2023,163,73,2359041,0
2023,163,80,2766489,0
2023,163,87,1672838,0
2023,163,88,1089844,0
2023,163,91,2151799,0
2023,163,102,654307,0
2023,163,105,5027932,0
2023,163,108,2188183,0
2023,172,36,50000,0
2023,172,87,50000,0
2023,181,91,15000000,0
2023,183,1,2430335,0
2023,183,67,642673,0
2023,183,72,1867995,0
2023,183,80,13592571,0
2023,183,87,6289308,0
2023,183,91,3636368,0
2023,183,98,6211180,0
2023,183,108,3640776,3105968
2023,184,18,2000000,0
2023,184,80,23000000,0
2023,184,91,2000000,0
2023,184,98,25000000,0
2023,184,102,2000000,0
2023,184,105,5000000,0
2023,184,108,30000000,0
2023,208,108,31418,0
2024,13,1,0,2806591
2024,13,67,0,5567153
2024,22,27,0,9120171
2024,22,55,0,4291845
2024,22,72,0,2145922
2024,22,73,0,4291845
2024,22,91,0,7510729
2024,22,105,0,5364806
2024,22,248,0,3218884
2024,35,18,0,733675
2024,35,27,0,2934702
2024,35,36,0,5098324
2024,35,55,0,728332
2024,35,67,0,1820830
2024,35,72,0,1456664
2024,35,80,0,2567865
2024,35,87,0,3668378
2024,35,88,0,2567865
2024,35,91,0,1456664
2024,35,102,0,1456664
2024,35,105,0,3641660
2024,35,108,0,2184996
2024,35,248,0,728332
2024,35,249,0,728332
2024,35,252,0,728332
2024,67,18,0,2411011
2024,67,27,0,2614352
2024,67,36,0,6329879
2024,67,72,0,2432082
2024,67,80,0,1696843
2024,67,87,0,1193317
2024,67,88,0,1442019
2024,67,248,0,539374
2024,67,249,0,539374
2024,67,252,0,539374
2024,86,36,0,3282275
2024,86,55,0,2744237
2024,86,72,0,1090512
2024,86,105,0,6586169
2024,124,27,0,5488474
2024,124,80,0,5488474
2024,124,87,0,8781558
2024,124,88,0,8781558
2024,124,105,0,10718113
2024,163,1,0,1675977
2024,163,36,0,557413
2024,163,55,0,1123370
2024,163,67,0,503018
2024,163,72,0,1106194
2024,163,87,0,555555
2024,163,88,0,1123595
2024,163,102,0,671892
2024,163,105,0,4134078
2025,13,67,0,5567153
2025,67,18,0,1078748
2025,67,27,0,1618122
2025,67,72,0,2157497
2025,67,80,0,2200220
2025,67,88,0,2157497
2025,67,248,0,1078748
2025,67,249,0,1078748
2025,67,252,0,2157497
2025,86,36,0,3282275
2025,86,55,0,2744237
2025,86,72,0,1090512
2025,86,105,0,6586169
2025,124,27,0,5488474
2025,124,80,0,5488474
2025,124,87,0,8781558
2025,124,88,0,8781558
2025,124,105,0,10718113
2025,163,1,0,1675977
2025,163,36,0,557413
2025,163,67,0,503018
2025,163,72,0,1106194
2025,163,87,0,555557
2025,163,102,0,671892
2026,67,18,0,2157497
2026,67,27,0,2157497
2026,67,72,0,3236245
2026,67,80,0,3300330
2026,67,88,0,2696871
2026,67,248,0,2157497
2026,67,249,0,2157497
2026,67,252,0,3236245
2026,163,1,0,1675977
2026,163,36,0,557413
2006,9,109,25440,0
2006,10,109,5000,0
2006,12,109,5000,0
2006,13,109,7600000,0
2006,15,109,20000,0
2006,18,109,5000,0
2006,22,109,2666194,0
2006,35,109,21941309,0
2006,48,109,5000,0
2006,50,109,113301,0
2006,52,109,8401243,0
2006,53,109,10000,0
2006,54,109,2000,0
2006,55,109,20000,0
2006,56,109,15000,0
2006,61,109,52102,0
2006,63,109,5154000,0
2006,64,109,1263800,0
2006,70,109,100000,0
2006,71,109,10000,0
2006,79,109,424989,0
2006,80,109,150000,0
2006,81,109,1000000,0
2006,82,109,50000,0
2006,86,109,12601974,0
2006,91,109,7500000,0
2006,94,109,25000,0
2006,98,109,5000000,0
2006,100,109,200000,0
2006,107,109,100000,0
2006,109,109,4000000,0
2006,111,109,50000,0
2006,115,109,50000,0
2006,117,109,25000,0
2006,120,109,5000,0
2006,124,109,51860000,0
2006,126,109,2452,0
2006,129,109,29993971,0
2006,131,109,20000,0
2006,135,109,250000,0
2006,136,109,254220,0
2006,141,109,2000000,0
2006,148,109,50000,0
2006,155,109,10000,0
2006,156,109,288577,0
2006,158,109,9999984,0
2006,159,109,10000,0
2006,162,109,41093249,0
2006,163,109,3928096,0
2006,166,109,10000,0
2006,170,109,20000,0
2006,172,109,300000,0
2006,183,109,69928000,0
2006,184,109,10000000,0
2007,8,109,10000,0
2007,9,109,29735,0
2007,10,109,5000,0
2007,12,109,5000,0
2007,13,109,8760000,0
2007,14,109,401430,0
2007,15,109,20000,0
2007,17,109,50000,0
2007,22,109,2988913,0
2007,29,109,30000,0
2007,30,109,50000,0
2007,31,109,10000,0
2007,35,109,35116374,0
2007,39,109,30000,0
2007,40,109,500000,0
2007,44,109,20000,0
2007,48,109,20000,0
2007,49,109,30000,0
2007,50,109,121353,0
2007,52,109,8742383,0
2007,53,109,9978,0
2007,54,109,2000,0
2007,55,109,20000,0
2007,56,109,15000,0
2007,57,109,2000,0
2007,61,109,39739,0
2007,63,109,6726000,0
2007,64,109,1312100,0
2007,67,109,6597500,0
2007,77,109,10000,0
2007,78,109,10000,0
2007,79,109,435578,0
2007,80,109,558618,0
2007,81,109,1000000,0
2007,82,109,100000,0
2007,86,109,26273974,0
2007,87,109,30000,0
2007,88,109,2670400,0
2007,89,109,5000,0
2007,90,109,17240,0
2007,94,109,10000,0
2007,98,109,1500000,0
2007,105,109,3000,0
2007,107,109,123243,0
2007,109,109,5610800,0
2007,111,109,100000,0
2007,112,109,1000,0
2007,114,109,10000,0
2007,115,109,50000,0
2007,117,109,35000,0
2007,120,109,5000,0
2007,124,109,53400000,0
2007,125,109,762700,0
2007,129,109,55066049,0
2007,131,109,20000,0
2007,133,109,5000,0
2007,134,109,5000,0
2007,135,109,510000,0
2007,136,109,268540,0
2007,138,109,8107,0
2007,139,109,117959,0
2007,143,109,359625,0
2007,148,109,50000,0
2007,155,109,50000,0
2007,156,109,240000,0
2007,158,109,20692484,0
2007,159,109,10000,0
2007,162,109,51045497,0
2007,163,109,8194980,0
2007,166,109,10000,0
2007,170,109,20000,0
2007,172,109,300000,0
2007,183,109,83726040,0
2008,6,109,3000,0
2008,7,109,10000,0
2008,8,109,10000,0
2008,9,109,33494,0
2008,10,109,5000,0
2008,11,109,30000,0
2008,12,109,5000,0
2008,13,109,9517000,0
2008,14,109,1030055,0
2008,18,109,5000,0
2008,22,109,2539594,0
2008,24,109,1480,0
2008,27,109,5000,0
2008,28,109,5000,0
2008,29,109,50000,0
2008,31,109,10000,0
2008,35,109,39037522,0
2008,39,109,100000,0
2008,40,109,500000,0
2008,48,109,34000,0
2008,50,109,153874,0
2008,52,109,9931472,0
2008,53,109,5000,0
2008,55,109,20000,0
2008,56,109,15000,0
2008,61,109,91200,0
2008,63,109,7791000,0
2008,64,109,2223046,0
2008,67,109,14790000,0
2008,68,109,5000,0
2008,70,109,300000,0
2008,72,109,10000,0
2008,73,109,4912,0
2008,75,109,5000,0
2008,77,109,2500,0
2008,78,109,20000,0
2008,80,109,611243,0
2008,82,109,100000,0
2008,86,109,33301074,0
2008,87,109,15000,0
2008,88,109,2935400,0
2008,91,109,2169083,0
2008,94,109,50000,0
2008,98,109,2000000,0
2008,100,109,50000,0
2008,104,109,20000,0
2008,107,109,196136,0
2008,108,109,20844,0
2008,109,109,6190400,0
2008,111,109,100000,0
2008,112,109,1000,0
2008,115,109,100000,0
2008,117,109,139313,0
2008,118,109,10000,0
2008,119,109,2500,0
2008,120,109,5000,0
2008,124,109,63900000,0
2008,125,109,1000000,0
2008,128,109,2000,0
2008,129,109,55258765,0
2008,131,109,20000,0
2008,133,109,10000,0
2008,134,109,4999,0
2008,135,109,300000,0
2008,136,109,312400,0
2008,137,109,500000,0
2008,138,109,3514,0
2008,139,109,118201,0
2008,141,109,100000,0
2008,147,109,4412,0
2008,148,109,100000,0
2008,149,109,200000,0
2008,155,109,50000,0
2008,156,109,221538,0
2008,158,109,45531968,0
2008,159,109,10000,0
2008,162,109,56264400,0
2008,163,109,7241823,0
2008,164,109,5000,0
2008,166,109,20000,0
2008,170,109,20000,0
2008,171,109,5000,0
2008,172,109,300000,0
2008,181,109,50000,0
2008,183,109,80239000,0
2008,184,109,5000000,0
2008,190,109,100000,0
2009,1,109,150000,0
2009,2,109,1500,0
2009,6,109,3500,0
2009,7,109,15000,0
2009,8,109,10000,0
2009,9,109,38985,0
2009,10,109,5000,0
2009,11,109,30000,0
2009,12,109,5000,0
2009,13,109,7821600,0
2009,14,109,424740,0
2009,15,109,10000,0
2009,16,109,10000,0
2009,22,109,7272904,0
2009,23,109,1500,0
2009,24,109,1480,0
2009,29,109,149985,0
2009,31,109,14966,0
2009,35,109,34566875,0
2009,39,109,20000,0
2009,40,109,500000,0
2009,44,109,40000,0
2009,48,109,24000,0
2009,50,109,143176,0
2009,52,109,8544087,0
2009,56,109,15000,0
2009,61,109,80845,0
2009,63,109,8198400,0
2009,67,109,19522484,0
2009,68,109,10000,0
2009,70,109,500000,0
2009,74,109,1480,0
2009,75,109,5000,0
2009,76,109,100000,0
2009,78,109,54088,0
2009,80,109,200000,0
2009,81,109,500000,0
2009,82,109,125000,0
2009,86,109,27179610,0
2009,87,109,15000,0
2009,88,109,1358868,0
2009,89,109,5000,0
2009,91,109,1000000,0
2009,94,109,50000,0
2009,95,109,9894,0
2009,98,109,3000000,0
2009,100,109,50000,0
2009,101,109,3000,0
2009,107,109,230840,0
2009,109,109,5696400,0
2009,111,109,100000,0
2009,115,109,150000,0
2009,116,109,10000,0
2009,117,109,141692,0
2009,119,109,5000,0
2009,120,109,5000,0
2009,121,109,2000,0
2009,122,109,10000,0
2009,123,109,1000,0
2009,124,109,55668000,0
2009,125,109,1000000,0
2009,129,109,42734982,0
2009,130,109,30000,0
2009,131,109,15000,0
2009,133,109,10000,0
2009,134,109,10000,0
2009,135,109,300000,0
2009,136,109,263020,0
2009,138,109,1400,0
2009,139,109,56030,0
2009,141,109,50000,0
2009,142,109,2256,0
2009,146,109,2000,0
2009,147,109,30000,0
2009,148,109,150000,0
2009,154,109,10000,0
2009,155,109,66588,0
2009,156,109,180000,0
2009,158,109,44348982,0
2009,159,109,10000,0
2009,162,109,49367572,0
2009,163,109,4657369,0
2009,164,109,5000,0
2009,167,109,10408,0
2009,168,109,9981,0
2009,169,109,1200,0
2009,170,109,20000,0
2009,172,109,200000,0
2009,174,109,1000,0
2009,183,109,64262000,0
2009,187,109,5000,0
2009,188,109,10000,0
2009,190,109,100000,0
2010,1,109,272257,0
2010,2,109,1500,0
2010,7,109,20000,0
2010,8,109,10000,0
2010,9,109,46527,0
2010,10,109,5000,0
2010,11,109,50000,0
2010,12,109,5000,0
2010,13,109,10986000,0
2010,14,109,548400,0
2010,16,109,20000,0
2010,18,109,5000,0
2010,19,109,761030,0
2010,22,109,8387538,0
2010,24,109,1500,0
2010,25,109,10000,0
2010,29,109,200000,0
2010,35,109,37328449,0
2010,37,109,197238,0
2010,39,109,30000,0
2010,40,109,1500000,0
2010,41,109,41771,0
2010,44,109,30000,0
2010,47,109,9642,0
2010,48,109,25000,0
2010,49,109,30000,0
2010,51,109,20000,0
2010,52,109,11135477,0
2010,54,109,4000,0
2010,56,109,15000,0
2010,58,109,12947,0
2010,59,109,55192,0
2010,61,109,74057,0
2010,63,109,8079000,0
2010,64,109,657250,0
2010,66,109,2000,0
2010,67,109,21735000,0
2010,69,109,20000,0
2010,70,109,500000,0
2010,75,109,5000,0
2010,76,109,16825,0
2010,80,109,100000,0
2010,81,109,500000,0
2010,82,109,150000,0
2010,86,109,5099972,0
2010,87,109,20000,0
2010,88,109,1502270,0
2010,91,109,2000000,0
2010,92,109,1000000,0
2010,94,109,50000,0
2010,98,109,3000000,0
2010,99,109,19293,0
2010,100,109,34600,0
2010,103,109,25000,0
2010,104,109,20672,0
2010,105,109,3000,0
2010,107,109,235072,0
2010,109,109,5775000,0
2010,110,109,2000,0
2010,115,109,150000,0
2010,116,109,10000,0
2010,117,109,134778,0
2010,119,109,5000,0
2010,120,109,5000,0
2010,121,109,4000,0
2010,122,109,10000,0
2010,123,109,2000,0
2010,124,109,54984000,0
2010,125,109,1000000,0
2010,128,109,5000,0
2010,129,109,65483533,0
2010,131,109,19170,0
2010,132,109,5000,0
2010,134,109,10000,0
2010,135,109,250000,0
2010,136,109,286000,0
2010,137,109,200000,0
2010,138,109,89756,0
2010,139,109,1172884,0
2010,143,109,136900,0
2010,144,109,2000000,0
2010,145,109,1000,0
2010,147,109,100000,0
2010,152,109,30000,0
2010,153,109,50000,0
2010,155,109,13617,0
2010,156,109,263540,0
2010,157,109,5000,0
2010,158,109,39585000,0
2010,159,109,10000,0
2010,162,109,64369547,0
2010,163,109,4568942,0
2010,164,109,5000,0
2010,165,109,2000,0
2010,170,109,20000,0
2010,172,109,200000,0
2010,176,109,503310,0
2010,178,109,250000,0
2010,179,109,35113,0
2010,181,109,50000,0
2010,182,109,20000,0
2010,183,109,60005700,0
2010,184,109,10000000,0
2010,188,109,10000,0
2010,190,109,150000,0
2010,191,109,100000,0
2011,2,109,500,0
2011,6,109,4000,0
2011,8,109,10000,0
2011,9,109,28128,0
2011,11,109,58394,0
2011,12,109,5000,0
2011,13,109,13906200,0
2011,14,109,289180,0
2011,15,109,10000,0
2011,18,109,10000,0
2011,21,109,421080,0
2011,22,109,17716150,0
2011,24,109,1500,0
2011,29,109,500000,0
2011,30,109,50000,0
2011,33,109,5000,0
2011,35,109,41188191,0
2011,39,109,30000,0
2011,40,109,500000,0
2011,44,109,10000,0
2011,49,109,27600,0
2011,50,109,434463,0
2011,52,109,9182230,0
2011,55,109,5000,0
2011,61,109,92302,0
2011,63,109,9411350,0
2011,64,109,720950,0
2011,67,109,16370000,0
2011,70,109,500000,0
2011,73,109,2190,0
2011,75,109,5000,0
2011,78,109,60000,0
2011,81,109,500000,0
2011,82,109,175000,0
2011,86,109,5466772,0
2011,87,109,20000,0
2011,88,109,1308100,0
2011,91,109,3000000,0
2011,94,109,49964,0
2011,96,109,10000,0
2011,98,109,3000000,0
2011,100,109,675000,0
2011,101,109,3000,0
2011,107,109,281531,0
2011,109,109,5982905,0
2011,111,109,100000,0
2011,112,109,1000,0
2011,115,109,300000,0
2011,116,109,1000,0
2011,117,109,140116,0
2011,119,109,5000,0
2011,120,109,5000,0
2011,122,109,10000,0
2011,123,109,2000,0
2011,124,109,54460000,0
2011,125,109,1478974,0
2011,126,109,99851,0
2011,129,109,67966751,0
2011,134,109,10000,0
2011,135,109,326051,0
2011,136,109,267180,0
2011,138,109,7850,0
2011,139,109,145930,0
2011,141,109,4000000,0
2011,143,109,70900,0
2011,144,109,2000000,0
2011,145,109,500,0
2011,147,109,50000,0
2011,150,109,2000,0
2011,152,109,50000,0
2011,155,109,70990,0
2011,156,109,272479,0
2011,157,109,5000,0
2011,158,109,20091000,0
2011,159,109,10000,0
2011,162,109,74483670,0
2011,163,109,6071999,0
2011,172,109,250000,0
2011,181,109,50000,0
2011,183,109,94280000,0
2011,184,109,6000000,0
2011,188,109,10000,0
2011,190,109,100000,0
2012,2,109,1000,0
2012,6,109,50000,0
2012,9,109,26316,0
2012,11,109,68000,0
2012,12,109,5000,0
2012,13,109,16272000,0
2012,14,109,262080,0
2012,16,109,20000,0
2012,21,109,380940,0
2012,22,109,19633125,0
2012,24,109,1500,0
2012,29,109,750000,0
2012,39,109,30000,0
2012,40,109,500000,0
2012,44,109,100000,0
2012,50,109,124371,0
2012,52,109,23008540,0
2012,54,109,0,0
2012,56,109,15000,0
2012,61,109,100185,0
2012,63,109,8517600,0
2012,64,109,392670,0
2012,67,109,19402500,0
2012,68,109,15000,0
2012,73,109,2196,0
2012,80,109,50000,0
2012,81,109,500000,0
2012,82,109,200000,0
2012,86,109,5160772,0
2012,87,109,20000,0
2012,88,109,645900,0
2012,91,109,2700000,0
2012,94,109,99945,0
2012,98,109,4000000,0
2012,100,109,1000000,0
2012,107,109,272747,0
2012,108,109,10000,0
2012,109,109,5577689,0
2012,111,109,50000,0
2012,115,109,300000,0
2012,116,109,2000,0
2012,117,109,64714,0
2012,119,109,5000,0
2012,121,109,2000,0
2012,122,109,10000,0
2012,124,109,52484000,0
2012,125,109,1679374,0
2012,129,109,73945026,0
2012,131,109,10000,0
2012,133,109,5000,0
2012,135,109,264200,0
2012,136,109,253520,0
2012,138,109,5000,0
2012,139,109,36586,0
2012,141,109,3000000,0
2012,143,109,92461,0
2012,144,109,2000000,0
2012,147,109,27291,0
2012,152,109,50000,0
2012,156,109,243457,0
2012,157,109,5000,0
2012,158,109,2608200,0
2012,159,109,10000,0
2012,162,109,72132872,0
2012,163,109,5951683,0
2012,165,109,2000,0
2012,166,109,20000,0
2012,172,109,200000,0
2012,181,109,50000,0
2012,183,109,95148000,0
2012,184,109,5000000,0
2012,186,109,5000,0
2012,188,109,10000,0
2012,190,109,150000,0
2013,2,109,1000,0
2013,9,109,19645,0
2013,11,109,70000,0
2013,12,109,5000,0
2013,13,109,18566600,0
2013,14,109,271600,0
2013,15,109,39820,0
2013,16,109,10000,0
2013,21,109,401430,0
2013,22,109,19053650,0
2013,24,109,1500,0
2013,29,109,1000000,0
2013,35,109,28809407,0
2013,39,109,30000,0
2013,40,109,500000,0
2013,44,109,100000,0
2013,52,109,24065367,0
2013,54,109,0,0
2013,61,109,102864,0
2013,63,109,9111900,0
2013,64,109,393300,0
2013,67,109,20313000,0
2013,70,109,50000,0
2013,73,109,2184,0
2013,78,109,20098,0
2013,80,109,130000,0
2013,81,109,500000,0
2013,82,109,200000,0
2013,86,109,13009444,0
2013,88,109,653350,0
2013,91,109,2987013,0
2013,98,109,4000000,0
2013,100,109,500000,0
2013,104,109,41027,0
2013,107,109,272242,0
2013,109,109,5747126,0
2013,115,109,350000,0
2013,117,109,64990,0
2013,118,109,10000,0
2013,119,109,3000,0
2013,120,109,5000,0
2013,121,109,2000,0
2013,122,109,10000,0
2013,124,109,52124000,0
2013,125,109,1670425,0
2013,129,109,68265452,0
2013,131,109,10000,0
2013,133,109,25000,0
2013,135,109,248162,0
2013,136,109,67655,0
2013,138,109,881,0
2013,139,109,15786,0
2013,141,109,3000000,0
2013,143,109,34347,0
2013,144,109,1000000,0
2013,148,109,450000,0
2013,150,109,7000,0
2013,152,109,50000,0
2013,155,109,68725,0
2013,156,109,274468,0
2013,157,109,5000,0
2013,158,109,6617500,0
2013,159,109,10000,0
2013,162,109,71687728,0
2013,163,109,7549267,0
2013,166,109,20000,0
2013,172,109,250000,0
2013,181,109,70000,0
2013,183,109,111230500,0
2013,184,109,4000000,0
2013,186,109,5000,0
2013,188,109,10000,0
2013,190,109,50000,0
2014,9,109,20537,0
2014,11,109,57683,0
2014,12,109,5000,0
2014,13,109,14580884,0
2014,21,109,410100,0
2014,22,109,17588690,0
2014,29,109,1200000,0
2014,35,109,26719985,0
2014,38,109,10000,0
2014,39,109,30000,0
2014,40,109,500000,0
2014,50,109,116212,0
2014,52,109,25993457,0
2014,61,109,135580,0
2014,63,109,9705500,0
2014,67,109,29819224,0
2014,73,109,2179,0
2014,78,109,48046,0
2014,80,109,100000,0
2014,81,109,500000,0
2014,82,109,200000,0
2014,86,109,12183300,0
2014,88,109,1161383,0
2014,91,109,1590814,0
2014,94,109,10000,0
2014,98,109,4000000,0
2014,100,109,500000,0
2014,106,109,25000,0
2014,107,109,278117,0
2014,109,109,5082592,0
2014,113,109,100000,0
2014,115,109,500000,0
2014,117,109,67920,0
2014,118,109,10000,0
2014,122,109,10000,0
2014,124,109,54956000,0
2014,125,109,2563200,0
2014,129,109,66113107,0
2014,131,109,10000,0
2014,133,109,4674,0
2014,135,109,212850,0
2014,136,109,67655,0
2014,138,109,300,0
2014,139,109,119660,0
2014,143,109,53000,0
2014,144,109,1500000,0
2014,147,109,9969,0
2014,148,109,150000,0
2014,152,109,50000,0
2014,156,109,243641,0
2014,157,109,5000,0
2014,158,109,2490000,0
2014,160,109,308144,0
2014,162,109,72656098,0
2014,163,109,7860763,0
2014,166,109,20000,0
2014,170,109,20000,0
2014,172,109,449630,0
2014,179,109,59967,0
2014,181,109,100000,0
2014,183,109,113185500,0
2014,184,109,4000000,0
2014,188,109,10000,0
2015,9,109,44137,0
2015,12,109,5000,0
2015,13,109,9223031,0
2015,21,109,345690,0
2015,22,109,10969000,0
2015,26,109,40,0
2015,33,109,10000,0
2015,35,109,24418604,0
2015,39,109,30000,0
2015,40,109,500000,0
2015,42,109,50000,0
2015,44,109,235000,0
2015,45,109,15000,0
2015,49,109,13780,0
2015,52,109,14556040,0
2015,54,109,0,0
2015,61,109,125100,0
2015,63,109,7770000,0
2015,67,109,43255180,0
2015,73,109,2179,0
2015,80,109,100000,0
2015,81,109,500000,0
2015,82,109,200000,0
2015,83,109,17692,0
2015,86,109,12212000,0
2015,88,109,1104500,0
2015,91,109,1402809,0
2015,97,109,1506,0
2015,98,109,4500000,0
2015,100,109,1000000,0
2015,107,109,271768,0
2015,108,109,21655,0
2015,109,109,4277200,0
2015,111,109,50000,0
2015,115,109,250000,0
2015,117,109,52303,0
2015,122,109,10000,0
2015,124,109,59169000,0
2015,125,109,2337600,0
2015,127,109,1000,0
2015,129,109,48983511,0
2015,131,109,10000,0
2015,133,109,4166,0
2015,134,109,10000,0
2015,135,109,204823,0
2015,136,109,59034,0
2015,139,109,99755,0
2015,144,109,1500000,0
2015,147,109,2266,0
2015,148,109,150000,0
2015,150,109,5000,0
2015,152,109,50000,0
2015,156,109,172562,0
2015,157,109,5000,0
2015,158,109,2185792,0
2015,161,109,500,0
2015,162,109,52331716,0
2015,163,109,10354725,0
2015,166,109,20000,0
2015,170,109,20000,0
2015,172,109,450000,0
2015,181,109,1000000,0
2015,183,109,83200500,0
2015,184,109,3000000,0
2015,188,109,10000,0
2015,192,109,2438,0
2016,6,109,0,0
2016,9,109,16633,0
2016,11,109,60000,0
2016,12,109,5000,0
2016,13,109,7575664,0
2016,18,109,5000,0
2016,21,109,648960,0
2016,22,109,11312000,0
2016,35,109,22624086,0
2016,39,109,30000,0
2016,40,109,500000,0
2016,49,109,13910,0
2016,52,109,15328254,0
2016,54,109,0,0
2016,61,109,109780,0
2016,63,109,7716100,0
2016,67,109,55895000,0
2016,73,109,2179,0
2016,80,109,300000,0
2016,81,109,500000,0
2016,82,109,200000,0
2016,85,109,5000,0
2016,86,109,13783925,0
2016,88,109,2239600,0
2016,91,109,1285908,0
2016,94,109,10000,0
2016,98,109,4000000,0
2016,100,109,1000000,0
2016,107,109,204729,0
2016,109,109,4762350,0
2016,117,109,57015,0
2016,118,109,10000,0
2016,119,109,2000,0
2016,122,109,10000,0
2016,124,109,60522000,0
2016,125,109,2026200,0
2016,129,109,44493615,0
2016,131,109,10000,0
2016,133,109,3972,0
2016,134,109,5000,0
2016,136,109,54650,0
2016,139,109,19631,0
2016,144,109,1500000,0
2016,148,109,150000,0
2016,152,109,50000,0
2016,156,109,428878,0
2016,157,109,5000,0
2016,158,109,2245000,0
2016,162,109,82078120,0
2016,163,109,8175019,0
2016,166,109,20000,0
2016,172,109,450000,0
2016,181,109,1000000,0
2016,183,109,69901837,0
2016,184,109,3000000,0
2016,188,109,10000,0
2017,5,109,250000,0
2017,9,109,23866,0
2017,12,109,5000,0
2017,13,109,8226873,0
2017,21,109,625860,0
2017,22,109,13963750,0
2017,24,109,1500,0
2017,31,109,20000,0
2017,33,109,10000,0
2017,35,109,21844119,0
2017,39,109,40000,0
2017,40,109,500000,0
2017,44,109,112500,0
2017,49,109,11662,0
2017,50,109,38170,0
2017,52,109,14233862,0
2017,61,109,106220,0
2017,63,109,7511000,0
2017,67,109,82786000,0
2017,80,109,765714,0
2017,81,109,500000,0
2017,82,109,220000,0
2017,86,109,23900000,0
2017,88,109,2470400,0
2017,91,109,1402809,0
2017,94,109,50000,0
2017,98,109,4000000,0
2017,100,109,1000000,0
2017,107,109,200541,0
2017,108,109,21734,0
2017,109,109,4872780,0
2017,117,109,52428,0
2017,122,109,10000,0
2017,124,109,71266300,0
2017,125,109,2176800,0
2017,129,109,53066569,0
2017,131,109,10000,0
2017,133,109,4006,0
2017,134,109,50000,0
2017,136,109,104110,0
2017,138,109,6854,0
2017,139,109,51087,0
2017,141,109,1000000,0
2017,144,109,1500000,0
2017,147,109,2487,0
2017,148,109,150000,0
2017,152,109,50000,0
2017,154,109,60155,0
2017,156,109,487257,0
2017,157,109,1000,0
2017,158,109,3475600,0
2017,159,109,5000,0
2017,162,109,75978437,0
2017,163,109,6041233,0
2017,166,109,20000,0
2017,172,109,450000,0
2017,181,109,1250000,0
2017,183,109,102619750,0
2017,184,109,5000000,0
2017,188,109,10000,0
2017,189,109,13192,0
2018,5,109,250000,0
2018,8,109,10000,0
2018,9,109,17735,0
2018,12,109,5000,0
2018,13,109,8643772,0
2018,15,109,20000,0
2018,18,109,10000,0
2018,21,109,707040,0
2018,22,109,14717500,0
2018,24,109,1500,0
2018,31,109,20000,0
2018,33,109,10000,0
2018,35,109,22762465,0
2018,36,109,282800,0
2018,39,109,30000,0
2018,40,109,500000,0
2018,50,109,175173,0
2018,52,109,21452654,0
2018,61,109,117840,0
2018,63,109,8626800,0
2018,67,109,109560500,0
2018,73,109,2179,0
2018,80,109,495785,0
2018,82,109,220000,0
2018,85,109,10000,0
2018,86,109,14064800,0
2018,88,109,2949000,0
2018,91,109,1360714,0
2018,94,109,50000,0
2018,98,109,4000000,0
2018,100,109,1000000,0
2018,107,109,213538,0
2018,108,109,22900,0
2018,109,109,5874592,0
2018,117,109,123080,0
2018,118,109,10000,0
2018,122,109,10000,0
2018,124,109,65472000,0
2018,125,109,2194500,0
2018,129,109,55283543,0
2018,134,109,50000,0
2018,136,109,118250,0
2018,139,109,41523,0
2018,141,109,1000000,0
2018,144,109,1500000,0
2018,148,109,150000,0
2018,152,109,50000,0
2018,154,109,34365,0
2018,158,109,3466100,0
2018,159,109,5000,0
2018,162,109,85127752,0
2018,163,109,6164143,0
2018,166,109,20000,0
2018,172,109,400000,0
2018,181,109,1500000,0
2018,183,109,114323552,0
2018,191,109,100000,0
2019,9,109,16942,0
2019,12,109,5000,0
2019,13,109,7841875,0
2019,15,109,20000,0
2019,18,109,20000,0
2019,20,109,109554,0
2019,21,109,684180,0
2019,22,109,19259300,0
2019,24,109,1500,0
2019,35,109,21652466,0
2019,36,109,324307,0
2019,39,109,30000,0
2019,40,109,500000,0
2019,44,109,90000,0
2019,50,109,221150,0
2019,52,109,25432996,0
2019,61,109,113380,0
2019,63,109,9038400,0
2019,67,109,105421500,0
2019,73,109,2158,0
2019,80,109,410576,0
2019,82,109,220000,0
2019,84,109,23873,0
2019,86,109,11279200,0
2019,88,109,3962000,0
2019,91,109,680357,0
2019,94,109,10000,0
2019,98,109,5000000,0
2019,100,109,1000000,0
2019,102,109,118234,0
2019,107,109,198866,0
2019,109,109,5561500,0
2019,116,109,3000,0
2019,117,109,113390,0
2019,118,109,10000,0
2019,122,109,9999,0
2019,124,109,61055500,0
2019,125,109,2014500,0
2019,129,109,53070236,0
2019,130,109,50000,0
2019,131,109,10000,0
2019,133,109,2942,0
2019,134,109,2500,0
2019,136,109,170220,0
2019,138,109,237,0
2019,139,109,338391,0
2019,141,109,1000000,0
2019,144,109,1500000,0
2019,148,109,150000,0
2019,152,109,50000,0
2019,158,109,3318584,0
2019,159,109,10000,0
2019,162,109,82302164,0
2019,163,109,6945243,0
2019,166,109,20000,0
2019,171,109,5000,0
2019,172,109,400000,0
2019,181,109,5000000,0
2019,183,109,394568100,0
2019,188,109,10000,0
2020,9,109,41146,0
2020,12,109,5000,0
2020,13,109,7518476,0
2020,14,109,1210500,0
2020,16,109,10000,0
2020,18,109,20000,0
2020,20,109,220734,0
2020,21,109,1344480,0
2020,22,109,24980400,0
2020,24,109,1500,0
2020,34,109,20000,0
2020,35,109,21904336,0
2020,36,109,324859,0
2020,40,109,500000,0
2020,49,109,16650,0
2020,52,109,31257205,0
2020,61,109,110720,0
2020,63,109,15344803,0
2020,64,109,1137656,0
2020,67,109,125231000,0
2020,73,109,3000,0
2020,80,109,722675,0
2020,82,109,220000,0
2020,84,109,10000,0
2020,86,109,10680978,0
2020,88,109,5895000,0
2020,91,109,263636,0
2020,98,109,5823817,0
2020,100,109,1000000,0
2020,107,109,207792,0
2020,109,109,5400000,0
2020,117,109,111890,0
2020,118,109,10000,0
2020,119,109,3324,0
2020,120,109,50000,0
2020,122,109,10000,0
2020,124,109,95782000,0
2020,125,109,8059500,0
2020,129,109,52405613,0
2020,131,109,10000,0
2020,133,109,2935,0
2020,134,109,50000,0
2020,135,109,239693,0
2020,136,109,193462,0
2020,139,109,86653,0
2020,141,109,1000000,0
2020,144,109,1500000,0
2020,148,109,150000,0
2020,152,109,50000,0
2020,155,109,36954,0
2020,156,109,85304,0
2020,158,109,3584229,0
2020,159,109,10000,0
2020,162,109,80780376,0
2020,163,109,24235703,0
2020,166,109,20000,0
2020,172,109,450000,0
2020,173,109,100000,0
2020,181,109,5000000,0
2020,183,109,88598800,0
2020,188,109,10000,0
2021,8,109,20000,0
2021,9,109,17753,0
2021,12,109,5000,0
2021,13,109,8515088,0
2021,14,109,1585080,0
2021,16,109,10000,0
2021,18,109,25000,0
2021,20,109,243800,0
2021,21,109,881685,0
2021,22,109,20587000,0
2021,24,109,1500,0
2021,30,109,50000,0
2021,35,109,23424484,0
2021,36,109,339560,0
2021,40,109,450000,0
2021,50,109,230435,0
2021,52,109,32483316,0
2021,61,109,181995,0
2021,63,109,20620715,0
2021,64,109,3658536,0
2021,67,109,153378000,0
2021,73,109,2158,0
2021,80,109,735297,0
2021,86,109,13204559,0
2021,88,109,17113900,0
2021,91,109,129629,0
2021,94,109,35000,0
2021,98,109,6000000,0
2021,101,109,3000,0
2021,107,109,224693,0
2021,109,109,6021500,0
2021,112,109,5000,0
2021,117,109,119270,0
2021,118,109,10000,0
2021,119,109,3588,0
2021,120,109,100000,0
2021,122,109,10000,0
2021,124,109,94982700,0
2021,125,109,2086200,0
2021,129,109,54795259,0
2021,133,109,2703,0
2021,134,109,50000,0
2021,136,109,208913,0
2021,138,109,120,0
2021,139,109,132224,0
2021,141,109,1000000,0
2021,144,109,1500000,0
2021,152,109,50000,0
2021,155,109,56540,0
2021,158,109,2829250,0
2021,159,109,5000,0
2021,162,109,70374299,0
2021,163,109,5539552,0
2021,166,109,20000,0
2021,171,109,5000,0
2021,172,109,450000,0
2021,173,109,100000,0
2021,181,109,5000000,0
2021,183,109,88538410,0
2021,188,109,10000,0
2021,193,109,0,0
2021,195,109,0,0
2021,196,109,100000,0
2022,9,109,10333,0
2022,13,109,8005789,0
2022,14,109,2020270,0
2022,15,109,20000,0
2022,18,109,25000,0
2022,20,109,210295,0
2022,21,109,652440,0
2022,22,109,19402100,0
2022,24,109,1500,0
2022,29,109,125000,0
2022,31,109,65181,0
2022,34,109,30000,0
2022,35,109,22893630,0
2022,36,109,304766,0
2022,40,109,450000,0
2022,48,109,30000,0
2022,49,109,100000,0
2022,50,109,222311,0
2022,52,109,30863840,0
2022,61,109,181995,0
2022,63,109,16498300,0
2022,64,109,8928571,0
2022,67,109,146376000,0
2022,73,109,3000,0
2022,80,109,2019122,0
2022,86,109,17264180,0
2022,88,109,14929500,2585315
2022,91,109,123148,0
2022,98,109,6000000,0
2022,100,109,1000000,0
2022,107,109,201349,0
2022,108,109,112940,0
2022,109,109,5541000,0
2022,117,109,263985,0
2022,118,109,160000,0
2022,119,109,3520,0
2022,120,109,100000,0
2022,124,109,80627000,0
2022,125,109,1864500,0
2022,126,109,0,100000
2022,129,109,53873842,0
2022,133,109,5041,0
2022,134,109,50000,0
2022,135,109,248023,0
2022,136,109,230497,0
2022,138,109,320,0
2022,139,109,69668,0
2022,141,109,1000000,0
2022,143,109,97310,0
2022,144,109,3500000,0
2022,152,109,50000,0
2022,155,109,49470,0
2022,158,109,2662406,0
2022,162,109,74796370,0
2022,163,109,5965954,0
2022,166,109,20000,0
2022,172,109,450000,0
2022,173,109,100000,0
2022,183,109,61412832,0
2022,184,109,15000000,0
2022,188,109,110000,0
2022,201,109,500,0
2022,202,109,5000,0
2022,203,109,567749,0
2022,204,109,10000,0
2022,205,109,1000000,0
2022,206,109,355320,0
2023,8,109,20000,0
2023,12,109,5000,0
2023,13,109,7688989,0
2023,15,109,123235,0
2023,16,109,10000,0
2023,18,109,25000,0
2023,20,109,264780,0
2023,21,109,0,639658
2023,22,109,18156000,0
2023,34,109,30000,0
2023,35,109,22166930,0
2023,36,109,646653,0
2023,44,109,75000,0
2023,48,109,100000,0
2023,49,109,100000,0
2023,50,109,204265,0
2023,52,109,25216939,0
2023,61,109,96887,0
2023,63,109,8654400,0
2023,64,109,10905125,0
2023,67,109,106500000,0
2023,70,109,0,109051
2023,73,109,2158,0
2023,80,109,827357,0
2023,86,109,13252479,0
2023,88,109,0,15511892
2023,91,109,0,0
2023,98,109,0,6000000
2023,100,109,1000000,0
2023,107,109,332152,0
2023,109,109,5427500,0
2023,117,109,165375,0
2023,118,109,60000,0
2023,119,109,5238,0
2023,120,109,100000,0
2023,124,109,71828100,0
2023,125,109,1849500,0
2023,129,109,43126566,0
2023,133,109,5063,0
2023,134,109,200000,0
2023,135,109,120000,0
2023,136,109,265230,0
2023,138,109,120,0
2023,139,109,28904,0
2023,141,109,1000000,0
2023,143,109,108189,0
2023,144,109,1500000,0
2023,148,109,0,1000000
2023,152,109,50000,0
2023,154,109,32661,0
2023,155,109,85136,0
2023,156,109,278950,0
2023,158,109,0,0
2023,162,109,63295028,0
2023,163,109,11174682,0
2023,166,109,20000,0
2023,172,109,250000,0
2023,173,109,50000,0
2023,181,109,5000000,0
2023,183,109,57882850,6675567
2023,184,109,19532839,0
2023,188,109,100000,0
2023,203,109,82970,0
2023,206,109,0,75000
2023,207,109,10000,0
2023,209,109,33339,0
2023,210,109,1000000,0
2024,13,109,0,6883604
2024,22,109,0,18538713
2024,63,109,0,9009009
2024,86,109,0,12079831
2024,109,109,0,5353319
2024,124,109,0,61383928
2024,125,109,0,1885606
2024,129,109,0,49734748
2024,148,109,0,1000000
2024,162,109,0,76280102
2025,13,109,0,6883604
2025,124,109,0,61383928
2025,129,109,0,49734748
2025,148,109,0,1000000
2025,162,109,0,101648351
2026,13,109,0,6883604
