Year,ApplicationCode,WindowID,EmergencyTypeID,EmergencyGroupID,AgencyID,Budget,FirstProjectApprovedDate,LastProjectApprovedDate,CountryID
2006,06-UF-BDI-693,4,19,5,5;11;3,2083330,2006-06-28,2006-07-14,14
2006,06-UF-BDI-700,4,27,9,5;11;3,1986517,2006-09-08,2006-10-05,14
2006,06-RR-DJI-4520,3,8,2,2,250000,2006-03-23,2006-03-23,28
2006,06-RR-DJI-4523,3,8,2,5;3,270000,2006-03-15,2006-04-07,28
2006,06-RR-DJI-4526,3,8,2,5;1;4;2;3,1385355,2006-04-10,2006-05-11,28
2006,06-RR-ETH-5075,3,8,2,5;1;6;4;2;3,3978239,2006-03-15,2006-08-07,36
2006,06-UF-ETH-5086,4,16,5,11;2,1000000,2006-06-28,2006-06-28,36
2006,06-RR-ETH-5106,3,6,2,5;4;2;3,2027145,2006-11-24,2006-11-29,36
2006,06-RR-ERI-4900,3,8,2,5;4;3,3886740,2006-03-15,2006-08-07,35
2006,06-UF-ERI-4909,4,27,9,11;4;3,1998565,2006-06-06,2006-09-06,35
2006,06-RR-KEN-6267,3,27,9,5;4;2;3,6300080,2006-03-15,2006-06-11,52
2006,06-RR-KEN-6276,3,8,2,5;6;4;3,2065420,2006-04-10,2006-05-02,52
2006,06-RR-KEN-6281,3,16,5,11;4;2,3500000,2006-09-26,2006-09-28,52
2006,06-RR-KEN-6285,3,6,2,5;11;4;2;3,11833669,2006-11-16,2006-11-17,52
2006,06-RR-KEN-13430,3,6,2,2,2487750,2006-12-28,2006-12-28,52
2006,06-UF-KEN-12805,4,27,9,11;2,1000000,2006-06-28,2006-06-28,52
2006,06-RR-SOM-10619,3,8,2,5;4;2;3,2984566,2006-03-15,2006-04-07,87
2006,06-RR-SOM-10624,3,8,2,3,149800,2006-08-02,2006-08-02,87
2006,06-RR-SOM-10626,3,6,2,5;1;4;2,10437041,2006-11-16,2006-11-29,87
2006,06-RR-SOM-13831,3,8,2,5;2;3,3037648,2006-04-10,2006-05-11,87
2006,06-UF-ZMB-12503,4,16,5,11,500000,2006-08-10,2006-08-10,106
2006,06-UF-ZWE-12510,4,27,9,7;4;3,999973,2006-06-28,2006-06-28,107
2006,06-UF-ZWE-12515,4,27,9,7;4;2;3,999990,2006-09-11,2006-09-11,107
2006,06-RR-CMR-892,3,16,5,11,500000,2006-12-08,2006-12-08,16
2006,06-UF-COG-3213,4,27,9,5;6;11;4;2;3,1000000,2006-06-28,2006-07-19,79
2006,06-UF-COG-3239,4,27,9,5;1;11;4;3,1000000,2006-09-06,2006-09-21,79
2006,06-UF-COD-3665,4,27,9,5;1;11;4;2;3,17000000,2006-07-07,2006-07-14,27
2006,06-UF-COD-3699,4,16,5,5;7;1;11;4;2;3,21000000,2006-09-11,2006-10-02,27
2006,06-UF-CAF-1047,4,19,5,6;11;4;3,999786,2006-06-15,2006-06-21,18
2006,06-RR-CAF-1057,3,16,5,5;11;4;2;3,2240370,2006-06-22,2006-07-31,18
2006,06-UF-CAF-1070,4,19,5,5;1;6;11;4;2;3,2002729,2006-09-08,2006-10-18,18
2006,06-RR-CAF-1106,3,16,5,11;2,450479,2006-08-22,2007-01-03,18
2006,06-RR-TCD-1755,3,16,5,5;11;4;2,3152623,2006-06-23,2006-07-05,19
2006,06-RR-SDN-10040,3,16,5,5;11;4;2;3,21024699,2006-05-11,2006-06-23,80
2006,06-RR-SDN-10048,3,19,5,2,4500000,2006-09-14,2006-09-14,80
2006,06-RR-SDN-10051,3,19,5,4,5400000,2006-12-21,2006-12-21,80
2006,06-RR-SDN-13733,3,19,5,2,100000,2006-12-19,2006-12-19,80
2006,06-RR-SDN-13736,3,19,5,2,4494400,2006-12-19,2006-12-19,80
2006,06-UF-LBR-12943,4,27,9,5;6;4;3,3983681,2006-08-14,2006-09-28,57
2006,06-UF-MLI-7114,4,27,9,4;2,1985598,2006-09-06,2006-09-06,61
2006,06-UF-MRT-7324,4,27,9,5;4;2;3,2075604,2006-09-08,2006-09-08,63
2006,06-UF-GIN-5671,4,27,9,5;11;4;2;3,997550,2006-07-25,2006-08-08,43
2006,06-UF-GIN-5678,4,16,5,6;4;2;3,999999,2006-09-06,2006-09-06,43
2006,06-RR-GNB-5759,3,19,5,1;4;2,1361531,2006-05-30,2006-06-07,44
2006,06-RR-CIV-4096,3,12,3,7;3,696438,2006-03-21,2006-03-22,24
2006,06-UF-CIV-4103,4,19,5,11,1000000,2006-06-21,2006-06-21,24
2006,06-RR-CIV-4105,3,19,5,5,249599,2006-05-08,2006-05-08,24
2006,06-UF-CIV-4107,4,19,5,7;11;4;3,3000000,2006-09-08,2006-09-08,24
2006,06-RR-CIV-4122,3,12,3,3,806245,2006-10-13,2006-10-13,24
2006,06-UF-BFA-14000,4,8,2,5;4;2;3,2000000,2006-09-15,2006-09-18,13
2006,06-RR-NER-8392,3,27,9,2,5503823,2006-04-10,2006-04-10,71
2006,06-UF-HTI-5791,4,5,2,7;12;3,1000000,2006-06-06,2006-06-06,45
2006,06-RR-COL-12879,3,6,2,7;11;3,2220939,2006-12-05,2006-12-05,22
2006,06-RR-AFG-4,3,8,2,5;4;2;3,12768338,2006-08-10,2006-08-18,1
2006,06-RR-AFG-14,3,8,2,4;2;3,19536289,2006-12-05,2006-12-20,1
2006,06-RR-LKA-10993,3,12,3,7;1;6;11;2;3,4704100,2006-09-13,2006-10-02,89
2006,06-RR-LKA-13889,3,19,5,5;11;2,5294866,2006-12-08,2006-12-13,89
2006,06-RR-MMR-7741,3,8,2,7;1;11;4;2,3803740,2006-12-05,2006-12-21,67
2006,07-UF-MMR-7749,4,27,9,1,354977,2007-03-13,2007-03-13,67
2006,06-RR-PHL-9593,3,5,2,5;7;1;6;4;2;3,2598305,2006-12-12,2006-12-12,78
2006,06-RR-TLS-11751,3,8,2,7;11;4;2,4047931,2006-06-09,2006-06-09,93
2006,06-RR-TLS-11757,3,19,5,2,1500000,2006-12-19,2006-12-19,93
2006,06-RR-LBN-6957,3,27,9,4;2;3,5000000,2006-07-28,2006-07-31,55
2006,06-RR-IRQ-6062,3,16,5,11,3998590,2006-12-14,2006-12-14,49
2006,06-RR-JOR-6175,3,16,5,11,1000000,2006-12-18,2006-12-18,51
2006,06-RR-SYR-11294,3,16,5,11;2,1177096,2006-12-18,2006-12-18,91
2006,06-RR-PSE-9377,3,27,9,1;3,4829402,2006-11-27,2006-11-30,73
2007,07-RR-PSE-9383,3,22,6,4;13,2525949,2007-02-14,2007-03-20,73
2007,07-UF-PSE-9386,4,27,9,4;25;13;3,3659510,2007-08-28,2007-08-29,73
2007,07-RR-GEO-5516,3,7,2,11,161599,2007-11-06,2007-11-06,39
2007,07-RR-ARM-287,3,16,5,11,299787,2007-10-29,2007-10-29,5
2007,07-RR-YEM-12057,3,13,4,5,2432110,2007-06-18,2007-06-18,105
2007,07-RR-YEM-12060,3,19,5,4;3,1002466,2007-08-30,2007-10-30,105
2007,07-RR-IRQ-6064,3,16,5,7,3533359,2007-04-02,2007-04-02,49
2007,07-RR-LBN-6964,3,16,5,1;4;13,5676248,2007-06-12,2007-06-12,55
2007,07-RR-IDN-13425,3,6,2,7;4;2;3,1255042,2007-02-13,2007-03-16,48
2007,07-RR-TLS-11759,3,12,3,5,626378,2007-04-02,2007-04-02,93
2007,07-RR-TLS-11763,3,13,4,5,464615,2007-05-29,2007-05-29,93
2007,07-RR-TLS-11766,3,19,5,2,209571,2007-12-14,2007-12-14,93
2007,06-RR-IDN-6033,3,6,2,7;4;2,1904864,2007-01-03,2007-01-03,48
2007,07-RR-LKA-13894,3,16,5,5;11;4;2,7732968,2007-03-22,2007-03-27,89
2007,07-RR-LKA-13900,3,16,5,6;3,1002210,2007-04-05,2007-04-05,89
2007,07-RR-LKA-13903,3,16,5,5;1;11,1942952,2007-08-23,2007-08-23,89
2007,07-RR-PAK-13623,3,27,9,7,100000,2007-08-27,2007-08-27,74
2007,07-RR-PAK-13627,3,6,2,2,1408851,2007-09-11,2007-09-11,74
2007,07-RR-LKA-11003,3,19,5,1,209955,2007-02-23,2007-02-23,89
2007,07-RR-PAK-8725,3,6,2,5;7;6;11;4;2;3,4298114,2007-07-11,2007-07-11,74
2007,07-RR-AFG-18,3,16,5,7;4;2;3,5111195,2007-06-12,2007-08-15,1
2007,07-RR-PRK-6552,3,10,3,4,3100000,2007-02-28,2007-02-28,26
2007,07-UF-PRK-6555,4,27,9,5;6;4;2,4998577,2007-03-20,2007-03-20,26
2007,07-RR-PRK-6567,3,6,2,5;6;4;2;3,3000000,2007-09-20,2007-09-20,26
2007,07-RR-AFG-29,3,27,9,2,323212,2007-10-03,2007-10-03,1
2007,07-RR-BGD-323,3,5,2,5;1;6;4;2;3,19692303,2007-11-19,2007-12-18,7
2007,07-UF-BGD-294,4,16,5,11,1000000,2007-03-05,2007-03-05,7
2007,07-RR-BGD-297,3,5,2,5;1;6;4;2;3,6054793,2007-08-30,2007-09-04,7
2007,07-RR-NPL-8215,3,27,9,2,1000000,2007-12-07,2007-12-07,69
2007,07-RR-BOL-420,3,6,2,5;1;6;4;2;3,2000000,2007-03-06,2007-03-08,10
2007,07-RR-PER-9532,3,1,1,5;7;1;14;6;4;2;3,9591713,2007-08-22,2007-08-22,77
2007,07-RR-TJK-11703,3,13,4,5,119814,2007-06-06,2007-06-06,92
2007,07-RR-NIC-8323,3,5,2,1;4;2;3,4975500,2007-09-24,2007-10-24,70
2007,07-RR-COL-2764,3,27,9,7;4;2,2253044,2007-08-03,2007-08-03,22
2007,08-RR-COL-2780,3,6,2,7;4;2,1838333,2008-01-09,2008-01-09,22
2007,07-UF-HTI-5795,4,27,9,7;4;2;3,2000545,2007-03-21,2007-05-16,45
2007,07-RR-HTI-5813,3,6,2,5;7,591817,2007-09-21,2007-10-21,45
2007,07-RR-DOM-13362,3,5,2,1;4;2,774539,2007-12-28,2007-12-28,30
2007,07-UF-NER-8394,4,27,9,4;2,2000023,2007-09-28,2007-09-28,71
2007,07-RR-TGO-11769,3,12,3,4;2,2366372,2007-07-03,2007-07-03,94
2007,07-RR-TGO-11775,3,6,2,5;4;2,1436560,2007-10-01,2007-10-01,94
2007,07-RR-GHA-5535,3,5,2,5;6;4;2,2496956,2007-09-26,2007-10-26,40
2007,07-RR-SEN-10557,3,16,5,11,348285,2007-12-14,2007-12-14,83
2007,07-RR-BFA-589,3,12,3,4;3,1796080,2007-04-11,2007-04-12,13
2007,07-UF-BFA-594,4,8,2,5;4;2,877908,2007-08-31,2007-09-14,13
2007,07-UF-CIV-4126,4,19,5,7;1;6;4;2,4499303,2007-02-13,2007-03-20,24
2007,07-UF-CIV-4142,4,27,9,5;7;1;4;2;3,2318107,2007-09-21,2007-10-25,24
2007,07-RR-GIN-5683,3,19,5,4;2;3,2707328,2007-02-14,2007-02-21,43
2007,07-RR-GIN-5689,3,19,5,5;4;2;3,7062031,2007-03-08,2007-04-10,43
2007,07-RR-GIN-5697,3,12,3,5;4;3,1051955,2007-10-22,2007-10-22,43
2007,07-UF-MRT-7329,4,27,9,5;4;2,854731,2007-09-12,2007-12-03,63
2007,07-RR-MRT-7338,3,16,5,11;2,846889,2007-10-09,2007-11-09,63
2007,07-RR-MLI-7117,3,5,2,4;2,1017103,2007-09-25,2007-09-25,61
2007,07-RR-LBR-12958,3,19,5,5,2199555,2007-02-22,2007-02-22,57
2007,07-UF-LBR-12961,4,27,9,6;4;3,1461597,2007-09-12,2007-10-10,57
2007,07-RR-LSO-6541,3,27,9,5;4;2,3834015,2007-07-25,2007-07-25,56
2007,07-RR-SDN-13738,3,5,2,2;3,1159499,2007-08-14,2007-08-14,80
2007,07-RR-SDN-13743,3,27,9,4,4857158,2007-08-16,2007-08-16,80
2007,07-UF-SDN-10053,4,27,9,4;2;3,6000000,2007-02-27,2007-04-19,80
2007,07-RR-SDN-10072,3,16,5,2,3000000,2007-05-01,2007-05-01,80
2007,07-RR-SDN-10075,3,19,5,1,1575000,2007-06-18,2007-06-18,80
2007,07-RR-SDN-10078,3,5,2,5;6;4,2663285,2007-08-07,2007-08-07,80
2007,07-RR-SDN-10089,3,27,9,5;11;3,6220091,2007-12-10,2007-12-14,80
2007,07-UF-NAM-8161,4,16,5,11;2,999999,2007-03-01,2007-03-05,68
2007,07-RR-SWZ-11284,3,27,9,5;2,3136815,2007-06-29,2007-07-02,90
2007,07-RR-LSO-13466,3,8,2,6;3,908055,2007-08-21,2007-08-22,56
2007,07-RR-TCD-1791,3,16,5,5;1;6;11;4;2;3,7280842,2007-02-21,2007-03-20,19
2007,07-UF-TCD-1818,4,16,5,5;9;4,979050,2007-09-06,2007-09-06,19
2007,07-UF-CAF-1115,4,16,5,1;6;11;4;2;3,4478703,2007-03-02,2007-03-26,18
2007,07-RR-AGO-211,3,9,3,4;3,3216435,2007-03-05,2007-03-06,3
2007,07-UF-AGO-270,4,6,2,7;6;11;4;2;3,4499828,2007-03-08,2007-03-19,3
2007,07-UF-COD-3723,4,16,5,5;6;11;4;2;3,36587128,2007-02-23,2007-05-15,27
2007,07-RR-COD-3770,3,16,5,11;4;2,5000000,2007-10-15,2007-10-15,27
2007,07-RR-COG-3265,3,9,3,4;3,881701,2007-03-07,2007-03-07,79
2007,07-UF-COG-3275,4,19,5,5;1;6;11;3,1099971,2007-09-05,2007-10-03,79
2007,07-UF-ZWE-12520,4,27,9,7;4,2000000,2007-02-23,2007-03-01,107
2007,07-UF-ZWE-12525,4,27,9,5;7;6;4;3,1999076,2007-09-07,2007-11-27,107
2007,07-RR-ZWE-12540,3,27,9,2,8000000,2007-09-25,2007-09-25,107
2007,07-RR-SOM-13840,3,12,3,3,1700765,2007-07-23,2007-07-23,87
2007,07-RR-SOM-13847,3,27,9,1,1091400,2007-07-05,2007-07-05,87
2007,07-RR-RWA-10462,3,5,2,5;11;2,416325,2007-11-15,2007-11-16,81
2007,07-RR-MOZ-13521,3,6,2,2,400000,2007-04-13,2007-04-13,66
2007,07-UF-SOM-10632,4,22,6,1,1000000,2007-02-23,2007-02-23,87
2007,07-RR-SOM-10634,3,27,9,2,2591540,2007-02-22,2007-02-22,87
2007,07-RR-SOM-10636,3,16,5,11;4;2,5655743,2007-05-15,2007-05-17,87
2007,07-RR-TZA-11734,3,14,4,5;4;3,1200061,2007-04-25,2007-04-25,99
2007,07-RR-UGA-11917,3,27,9,2,7000000,2007-04-11,2007-04-11,97
2007,07-RR-UGA-11920,3,5,2,5;11;4;2;3,6001015,2007-10-04,2007-10-05,97
2007,07-RR-KEN-6303,3,12,3,5;3,1944057,2007-01-15,2007-01-15,52
2007,07-UF-KEN-6310,4,27,9,6;11;4;2;3,3002501,2007-09-17,2007-10-23,52
2007,07-RR-MDG-13072,3,5,2,5;4;2,2200650,2007-05-14,2007-05-18,59
2007,07-RR-MDG-6860,3,5,2,5;6;4;3,1230903,2007-04-11,2007-04-25,59
2007,07-RR-MOZ-7613,3,6,2,5;7;1;6;4;2;3,10762981,2007-02-21,2007-03-22,66
2007,07-RR-MOZ-7639,3,5,2,2,1070014,2007-12-13,2007-12-13,66
2007,07-UF-ERI-4921,4,12,3,1;11;4;3,2000000,2007-03-08,2007-03-21,35
2007,07-UF-ERI-4937,4,27,9,1;11;4;3,1000909,2007-09-19,2007-09-28,35
2007,07-UF-ETH-5114,4,12,3,1;11;4;2;3,5999353,2007-03-20,2007-06-08,36
2007,07-RR-ETH-5128,3,16,5,11,1100730,2007-06-12,2007-06-12,36
2007,07-UF-ETH-5132,4,27,9,9;6;4;2;3,2998763,2007-09-19,2007-10-25,36
2007,07-RR-ETH-5144,3,27,9,6;2;3,2266813,2007-11-23,2007-12-27,36
2007,07-UF-BDI-712,4,27,9,5;4;2,8500000,2007-02-23,2007-02-23,14
2007,07-RR-DJI-13357,3,8,2,5;4;2;3,1575570,2007-05-15,2007-05-15,28
2008,08-RR-COM-3136,3,19,5,6;4;3,534037,2008-04-17,2008-04-17,23
2008,08-RR-BDI-717,3,8,2,5;4,1600013,2008-08-22,2008-08-22,14
2008,08-UF-BDI-722,4,16,5,5;6;11;4;2;3,3587934,2008-09-24,2008-10-09,14
2008,08-RR-DJI-4536,3,8,2,5;4;2;3,2579639,2008-02-29,2008-03-03,28
2008,08-RR-DJI-4546,3,8,2,5;1;11;4;2;3,3001028,2008-09-22,2008-09-22,28
2008,08-UF-ETH-5154,4,27,9,5;6;11;4;2;3,9651153,2008-03-20,2008-04-22,36
2008,08-RR-ETH-5172,3,8,2,6;4;2;3,19999594,2008-07-03,2008-08-13,36
2008,08-RR-ERI-4947,3,16,5,1,996245,2008-04-07,2008-04-07,35
2008,08-RR-ERI-4949,3,8,2,5;11;3,1999997,2008-08-27,2008-08-27,35
2008,08-RR-MOZ-7642,3,6,2,7;19;6;4;2;3,4290247,2008-01-28,2008-02-11,66
2008,08-RR-MOZ-7661,3,5,2,2,548913,2008-03-20,2008-03-20,66
2008,08-RR-MDG-13080,3,6,2,5;6;4;2;3,4625583,2008-03-07,2008-03-10,59
2008,08-RR-MDG-13099,3,12,3,5;3,376186,2008-06-18,2008-06-18,59
2008,08-RR-MDG-13104,3,8,2,5;4;2;3,1489031,2008-09-05,2008-09-05,59
2008,08-RR-KEN-6325,3,19,5,7;6;11;4;2;3,7022854,2008-01-10,2008-01-10,52
2008,08-RR-KEN-6343,3,16,5,7;6;11;4;2;3,2971999,2008-08-05,2008-09-02,52
2008,08-RR-KEN-6358,3,16,5,11;4;2,4987817,2008-12-31,2009-01-07,52
2008,08-RR-KEN-13435,3,8,2,5;4;2;3,5052061,2008-08-26,2008-09-12,52
2008,08-RR-ETH-13372,3,16,5,11;2,1877293,2008-08-15,2008-09-05,36
2008,08-UF-KEN-12794,4,16,5,5;11;4;2;3,6406348,2008-03-10,2008-04-15,52
2008,08-RR-UGA-11935,3,16,5,11,698978,2008-07-28,2008-07-28,97
2008,08-RR-UGA-11938,3,8,2,5;4;2;3,4982951,2008-08-14,2008-08-20,97
2008,08-RR-TZA-11742,3,8,2,5,499958,2008-10-21,2008-10-21,99
2008,08-RR-SOM-10650,3,8,2,5;1;4,6039251,2008-06-18,2008-06-18,87
2008,08-RR-SOM-10661,3,27,9,2,2710392,2008-07-22,2008-07-22,87
2008,08-RR-SOM-10664,3,22,6,2,2972300,2008-10-13,2008-10-13,87
2008,08-UF-ZWE-12543,4,27,9,7;6;11;4;2;3,4245670,2008-03-07,2008-05-21,107
2008,08-UF-ZWE-12562,4,27,9,4,247987,2008-03-26,2008-03-26,107
2008,08-RR-ZWE-12565,3,8,2,7;11;4;2,1988368,2008-09-12,2008-10-24,107
2008,08-RR-ZWE-12866,3,8,2,2,5000107,2008-11-25,2008-11-25,107
2008,08-UF-COG-3308,4,19,5,5;6;11;4;2;3,2011654,2008-03-26,2008-04-04,79
2008,08-UF-CMR-895,4,16,5,11;4;2,2000006,2008-02-27,2008-02-27,16
2008,08-RR-CMR-903,3,16,5,1;6;11;4;2;3,4720260,2008-02-21,2008-02-21,16
2008,08-UF-COD-3777,4,16,5,5;1;6;11;4;2;3,38106996,2008-03-19,2008-05-29,27
2008,08-RR-COD-3814,3,8,2,2,3000022,2008-09-03,2008-09-03,27
2008,08-RR-AGO-217,3,6,2,7;4;3,1498653,2008-04-22,2008-04-22,3
2008,08-RR-CAF-1238,3,16,5,2,999983,2008-02-19,2008-02-19,18
2008,08-RR-CAF-1243,3,16,5,1;6;11;4;3,2387031,2008-05-27,2008-06-13,18
2008,08-RR-TCD-1828,3,16,5,11;4;2,4353540,2008-05-08,2008-05-08,19
2008,08-RR-TCD-1849,3,16,5,11,1154007,2008-08-05,2008-08-05,19
2008,08-UF-TCD-1852,4,16,5,5;1;6;11;4;2;3,6766433,2008-10-09,2008-11-10,19
2008,08-RR-LSO-12895,3,8,2,5;6;3,1656382,2008-08-19,2008-08-20,56
2008,08-RR-SDN-10097,3,19,5,2,7093062,2008-05-08,2008-05-08,80
2008,08-RR-SDN-10102,3,19,5,4;2;3,2868336,2008-04-17,2008-04-17,80
2008,08-RR-SDN-10113,3,19,5,7;4;2;3,5053117,2008-06-25,2008-06-30,80
2008,08-RR-SDN-10127,3,19,5,11,1010739,2008-10-07,2008-10-07,80
2008,08-RR-LSO-6549,3,12,3,5,239438,2008-03-19,2008-03-19,56
2008,08-RR-LBR-12975,3,8,2,5,1900000,2008-07-09,2008-07-09,57
2008,08-UF-MLI-7122,4,12,3,4;2,3198972,2008-02-29,2008-02-29,61
2008,08-RR-GIN-5702,3,8,2,4;2,3999178,2008-07-14,2008-07-14,43
2008,09-RR-GIN-5709,3,27,9,2,1000000,2009-01-09,2009-01-09,43
2008,08-RR-GNB-5770,3,12,3,4;3,601911,2008-08-04,2008-08-04,44
2008,08-RR-GNB-5773,3,9,3,4;3,600056,2008-11-19,2008-11-20,44
2008,08-UF-BFA-575,4,8,2,5;4;2,3399999,2008-02-29,2008-02-29,13
2008,08-RR-BFA-582,3,8,2,5;4;2,2000293,2008-09-12,2008-09-12,13
2008,08-RR-CIV-4190,3,8,2,5;2,2012459,2008-06-26,2008-06-26,24
2008,08-RR-CIV-4195,3,12,3,4,2065100,2008-07-14,2008-07-14,24
2008,08-RR-CIV-4198,3,8,2,4;2,994514,2008-10-24,2008-10-24,24
2008,08-RR-TGO-11784,3,8,2,5;4;2,2074049,2008-08-27,2008-09-03,94
2008,08-UF-NER-8399,4,27,9,5;6;4;2;3,6499999,2008-02-29,2008-02-29,71
2008,08-RR-NER-8410,3,27,9,2,700850,2008-04-07,2008-04-07,71
2008,08-RR-NER-8413,3,12,3,3,1055020,2008-06-18,2008-06-18,71
2008,08-RR-NER-8416,3,8,2,5;4;2,1998773,2008-09-26,2008-09-26,71
2008,08-RR-CUB-13342,3,6,2,5;1;14;6;4;2;3,4880085,2008-09-26,2008-09-26,25
2008,08-RR-HTI-5817,3,8,2,5;2,5846936,2008-05-23,2008-05-23,45
2008,08-RR-HTI-5820,3,5,2,5;7;6;4;2;3,5106424,2008-09-29,2008-10-01,45
2008,08-RR-HTI-5831,3,5,2,7;4;2;3,4076743,2008-11-28,2008-12-04,45
2008,08-RR-HTI-5837,3,5,2,2,1000001,2008-12-23,2008-12-23,45
2008,09-RR-COL-2797,3,6,2,5;7;6;4;2,3135341,2009-01-08,2009-01-08,22
2008,08-RR-GTM-5584,3,6,2,5;6;4;2;3,1483541,2008-11-12,2008-11-12,42
2008,08-RR-TJK-11707,3,7,2,1;4;2;3,5237558,2008-02-21,2008-02-21,92
2008,08-RR-TJK-11719,3,13,4,5,410163,2008-04-23,2008-04-23,92
2008,08-RR-TJK-11722,3,8,2,4;2;3,1999516,2008-09-18,2008-10-13,92
2008,08-RR-KGZ-6866,3,7,2,5;11;4;2,1970556,2008-12-11,2008-12-11,53
2008,08-RR-BOL-436,3,6,2,5;7;6;4;2;3,2271874,2008-02-12,2008-02-15,10
2008,08-RR-HND-6013,3,6,2,5;7;4;2,1501344,2008-10-31,2008-10-31,46
2008,08-UF-NPL-8218,4,27,9,5;18;6;11;4;2;3,5997698,2008-03-18,2008-03-20,69
2008,08-RR-NPL-8232,3,6,2,5;7;6;4;2;3,2603222,2008-09-26,2008-10-02,69
2008,08-RR-NPL-13533,3,6,2,20,40376,2008-12-31,2008-12-31,69
2008,08-RR-NPL-13536,3,6,2,2,1000000,2008-10-10,2008-10-10,69
2008,08-RR-NPL-13539,3,8,2,5;4;2,2999522,2008-11-18,2008-11-18,69
2008,08-RR-BGD-351,3,12,3,2,1000000,2008-04-24,2008-04-24,7
2008,08-RR-AFG-32,3,8,2,4;2;3,8002060,2008-02-12,2008-02-12,1
2008,08-UF-AFG-39,4,35,0,5;7;11;3,4175162,2008-03-13,2008-03-13,1
2008,08-UF-AFG-54,4,8,2,7;4;3,4598922,2008-09-12,2008-09-12,1
2008,08-UF-PRK-6581,4,27,9,5;6;4;3,1999884,2008-09-17,2008-10-14,26
2008,08-RR-PRK-6591,3,12,3,4;3,1398170,2008-09-26,2008-10-07,26
2008,08-RR-AFG-26,3,19,5,2,1444500,2008-01-30,2008-01-30,1
2008,08-RR-CHN-2704,3,1,1,1;6;11;4;2;3,8045731,2008-05-22,2008-05-23,21
2008,08-RR-PAK-8765,3,8,2,5;4;2;3,2974984,2008-09-03,2008-09-12,74
2008,08-RR-PAK-8806,3,1,1,5;18;14;6;4;2;3,1986835,2008-11-14,2008-11-17,74
2008,08-RR-IND-6026,3,6,2,6;4,3010825,2008-09-17,2008-11-03,47
2008,08-RR-LKA-11006,3,19,5,5;7;6;11;4;2;3,6915915,2008-04-16,2008-04-16,89
2008,08-UF-LKA-11018,4,27,9,5;7;1;6;11;4;3,3995382,2008-09-10,2008-10-27,89
2008,08-RR-LKA-11027,3,19,5,7;4;12,1585495,2008-11-25,2008-11-25,89
2008,08-UF-MMR-7759,4,27,9,6;11;3,2019979,2008-03-14,2008-03-14,67
2008,08-RR-MMR-7768,3,5,2,7;6;11;4;2;3,19917751,2008-05-13,2008-05-13,67
2008,08-RR-MMR-7787,3,5,2,7;2,4000004,2008-08-11,2008-08-20,67
2008,08-RR-PHL-9612,3,19,5,7;6;4;2;3,2080292,2008-09-17,2008-09-17,78
2008,08-RR-MMR-13525,3,5,2,5;4;2,2499615,2008-05-21,2008-05-23,67
2008,08-RR-LAO-6915,3,6,2,5;18;4;2;3,2024378,2008-09-11,2008-09-11,54
2008,08-RR-LBN-6984,3,16,5,13,1008582,2008-10-30,2008-10-30,55
2008,08-RR-IRQ-6066,3,16,5,2,5076123,2008-02-01,2008-02-01,49
2008,08-RR-IRQ-6068,3,16,5,1,1560531,2008-04-02,2008-04-02,49
2008,08-UF-IRQ-6070,4,19,5,7;11,5000001,2008-09-04,2008-09-04,49
2008,08-RR-YEM-12065,3,16,5,11;4;2,3718109,2008-02-22,2008-02-22,105
2008,08-RR-YEM-12076,3,8,2,5;4;2;3,2529984,2008-10-22,2008-12-03,105
2008,08-RR-YEM-12085,3,6,2,7;6;11;4;2;3,1958754,2008-11-12,2008-11-17,105
2008,08-RR-GEO-5518,3,16,5,7;6;11;4;2;3,2995315,2008-09-15,2008-09-18,39
2008,08-RR-JOR-6179,3,16,5,11,3543119,2008-05-16,2008-05-16,51
2008,08-RR-PSE-9392,3,8,2,13;2,4988364,2008-04-04,2008-04-04,73
2008,08-RR-SYR-11298,3,16,5,2,4999654,2008-01-24,2008-01-24,91
2008,08-RR-SYR-11301,3,8,2,5;4;2,1966521,2008-09-26,2008-09-26,91
2009,09-RR-SYR-11329,3,8,2,5;1;4;2,3287464,2009-11-11,2009-11-16,91
2009,09-RR-PSE-9400,3,19,5,4;13;2,7034331,2009-01-13,2009-01-13,73
2009,09-RR-PSE-9406,3,19,5,2;3,2374724,2009-02-05,2009-03-23,73
2009,09-UF-YEM-12101,4,27,9,7;6;11;4;2;3,4705281,2009-04-30,2009-05-12,105
2009,09-RR-YEM-12120,3,19,5,11;4;2;3,2621530,2009-08-13,2009-08-14,105
2009,09-RR-YEM-12132,3,19,5,1,342475,2009-11-09,2009-11-09,105
2009,09-RR-YEM-12135,3,16,5,7;11,763766,2009-12-24,2009-12-28,105
2009,09-RR-IRQ-6073,3,12,3,3,1004837,2009-03-19,2009-03-19,49
2009,09-RR-LAO-6930,3,5,2,5;18;1;6;4;2;3,3828517,2009-10-21,2009-10-26,54
2009,09-RR-PHL-9624,3,19,5,7;1;6;4;2;3,5150702,2009-07-24,2009-07-31,78
2009,09-RR-PHL-9640,3,6,2,7;6;4;2;3,6790230,2009-10-05,2009-10-05,78
2009,09-RR-IDN-6037,3,1,1,5;7;1;6;4;2;3,6935731,2009-10-20,2009-11-18,48
2009,09-UF-MMR-7792,4,12,3,5;1;11;4;2,2998439,2009-04-08,2009-04-27,67
2009,09-RR-LKA-11038,3,16,5,7;6;11;4;12;2;3,9998337,2009-02-20,2009-02-27,89
2009,09-RR-LKA-11053,3,19,5,7;6;11;4;12;2;3,11251940,2009-05-12,2009-05-13,89
2009,09-RR-LKA-11068,3,19,5,1;11,2256105,2009-10-27,2009-10-27,89
2009,09-RR-PAK-8855,3,16,5,1,540212,2009-06-22,2009-06-22,74
2009,09-RR-BTN-12875,3,1,1,1,463845,2009-10-07,2009-10-07,9
2009,09-UF-PRK-6627,4,27,9,5;6;4;2;3,9999909,2009-04-07,2009-04-15,26
2009,09-UF-PRK-6638,4,27,9,5;6;4;2;3,8996794,2009-09-23,2009-09-29,26
2009,09-RR-AFG-67,3,7,2,5;7;4;3,4165567,2009-02-04,2009-03-06,1
2009,09-RR-NPL-13546,3,8,2,2,6000000,2009-12-18,2009-12-18,69
2009,09-RR-HND-6018,3,8,2,5;4;2;3,1553005,2009-12-21,2010-01-11,46
2009,09-RR-GTM-5590,3,8,2,5;6;4;2;3,4999968,2009-09-30,2009-10-01,42
2009,09-RR-SLV-4818,3,5,2,5;7;1;6;4;2;3,2485827,2009-11-20,2009-11-24,34
2009,09-RR-NIC-8334,3,5,2,5;7;6;4;2;3,2069776,2009-11-25,2009-12-10,70
2009,09-UF-COL-2829,4,16,5,5;6;11;4;2;3,4999979,2009-05-01,2009-05-11,22
2009,09-RR-COL-2869,3,16,5,2,392068,2009-08-26,2009-08-26,22
2009,09-UF-HTI-5839,4,6,2,7;1;6;4;25;2,4995766,2009-04-21,2009-04-30,45
2009,09-RR-NER-13549,3,6,2,5;4;2;3,3692127,2009-10-02,2009-10-08,71
2009,09-RR-NER-12811,3,12,3,3,1237088,2009-03-18,2009-03-18,71
2009,09-RR-NER-12869,3,12,3,4;2,2607756,2009-09-02,2009-09-03,71
2009,09-RR-NGA-8658,3,12,3,3,1279887,2009-05-01,2009-05-01,72
2009,09-RR-NER-8424,3,27,9,2,189142,2009-02-06,2009-02-06,71
2009,09-UF-NER-8427,4,16,5,5;4;2;3,3976342,2009-03-30,2009-05-05,71
2009,09-UF-CIV-4204,4,16,5,5;7;11;4;2,2000003,2009-03-30,2009-05-05,24
2009,09-RR-CIV-4215,3,12,3,3,412313,2009-12-18,2009-12-18,24
2009,09-RR-BFA-610,3,6,2,6;11;4;2;3,4877946,2009-10-12,2009-10-23,13
2009,09-RR-BFA-14012,3,10,3,4;3,1650443,2009-05-19,2009-05-19,13
2009,09-UF-BFA-14019,4,8,2,5;4;2;3,1997535,2009-03-30,2009-03-30,13
2009,09-RR-CPV-1040,3,12,3,4;3,474338,2009-11-25,2009-11-25,17
2009,09-RR-GIN-5711,3,27,9,2,450000,2009-03-23,2009-03-23,43
2009,09-UF-GIN-5713,4,27,9,5;11;4;2;3,1171585,2009-09-16,2009-09-16,43
2009,09-RR-GIN-5719,3,19,5,4;3,833261,2009-10-15,2009-11-09,43
2009,09-RR-GMB-5459,3,6,2,4;2;3,386544,2009-11-05,2009-11-05,38
2009,09-RR-MRT-7352,3,8,2,5;6;4;2;3,2174497,2009-10-06,2009-10-08,63
2009,09-RR-SDN-10132,3,19,5,5;7;11;4;3,4978615,2009-04-16,2009-04-24,80
2009,09-RR-SDN-10149,3,19,5,7;6;4;2;3,12007414,2009-05-06,2009-05-13,80
2009,09-RR-SDN-10164,3,19,5,3,713527,2009-07-31,2009-07-31,80
2009,09-RR-SDN-10167,3,27,9,5;4;2,8120478,2009-09-25,2009-10-20,80
2009,09-UF-DZA-175,4,19,5,11;4,1536000,2009-09-25,2009-09-30,2
2009,09-RR-LSO-12905,3,8,2,6;2,574955,2009-02-19,2009-02-19,56
2009,09-RR-SWZ-11290,3,8,2,2,1320110,2009-12-07,2009-12-07,90
2009,09-RR-NAM-8166,3,6,2,18;6;4;2;3,1299825,2009-03-31,2009-03-31,68
2009,09-RR-TCD-1908,3,16,5,6;11;4;2;3,1998660,2009-05-22,2009-06-02,19
2009,09-UF-TCD-1945,4,16,5,5;6;11;4;2;3,5464388,2009-09-16,2009-09-17,19
2009,09-RR-CAF-1265,3,22,6,2,187355,2009-02-24,2009-02-24,18
2009,09-RR-AGO-224,3,6,2,7;4;3,2354123,2009-03-27,2009-03-31,3
2009,09-RR-COD-3817,3,16,5,5;11;4;2,9950354,2009-05-26,2009-05-27,27
2009,09-RR-COD-3828,3,16,5,4;3,7016618,2009-07-16,2009-07-16,27
2009,09-UF-COD-3834,4,16,5,5;7;11;4;2;3,10461001,2009-09-24,2009-10-06,27
2009,09-RR-COD-13322,3,16,5,2,3000000,2009-05-14,2009-05-14,27
2009,09-RR-COG-3346,3,16,5,5;14;6;11;4;2;3,7948987,2009-12-16,2009-12-18,79
2009,09-RR-ZWE-12576,3,9,3,4;2;3,7899348,2009-01-29,2009-01-29,107
2009,09-UF-ZWE-12583,4,27,9,7;6;11;4;3,9982000,2009-04-08,2009-05-05,107
2009,09-UF-ZWE-12605,4,27,9,7;6;11;4;2;3,8926729,2009-10-07,2009-10-20,107
2009,10-RR-ZWE-12629,3,8,2,2,5000000,2010-01-14,2010-01-14,107
2009,09-UF-SOM-10667,4,27,9,5;4;12;2,9999999,2009-03-30,2009-05-05,87
2009,09-RR-SOM-10677,3,27,9,5;11;4;3,5093823,2009-08-18,2009-08-19,87
2009,09-RR-SOM-10686,3,27,9,5;11;4;2;3,12220646,2009-10-15,2009-10-26,87
2009,09-RR-SOM-10699,3,27,9,5;11;4;2;3,33219558,2009-12-30,2009-12-31,87
2009,09-RR-TZA-11745,3,12,3,5,589601,2009-05-01,2009-05-01,99
2009,09-RR-TZA-11748,3,6,2,2,144720,2009-12-02,2009-12-02,99
2009,09-RR-TZA-13936,3,13,4,5,781962,2009-04-20,2009-04-20,99
2009,09-RR-UGA-11947,3,16,5,11,1191321,2009-02-12,2009-02-12,97
2009,09-RR-KEN-6365,3,16,5,7;11;4;2;3,8616216,2009-05-12,2009-05-12,52
2009,09-RR-KEN-6379,3,16,5,7;11,4211339,2009-06-22,2009-06-22,52
2009,09-UF-KEN-6385,4,8,2,5;7;4;2;3,8038330,2009-09-16,2009-09-17,52
2009,09-RR-KEN-6402,3,8,2,2,5000000,2009-12-10,2009-12-10,52
2009,09-RR-MDG-13114,3,8,2,5;6;4;2;3,6450994,2009-05-26,2009-05-26,59
2009,09-RR-MOZ-7664,3,13,4,5,547001,2009-04-20,2009-04-20,66
2009,10-RR-MOZ-7667,3,8,2,5;4;2,2624107,2010-01-11,2010-01-11,66
2009,09-RR-MWI-13229,3,13,4,5,544860,2009-04-20,2009-04-20,60
2009,09-UF-ERI-4953,4,27,9,1;11;4,1999999,2009-04-09,2009-04-20,35
2009,09-UF-ERI-4960,4,27,9,1;11;4;3,1521259,2009-09-18,2009-09-18,35
2009,09-UF-ETH-5185,4,27,9,5;11;4;2,9666134,2009-04-27,2009-05-21,36
2009,09-UF-ETH-5198,4,27,9,5;11;4;2;3,5979264,2009-10-05,2009-10-08,36
2009,09-UF-DJI-4559,4,27,9,5;6;11;4;3,1996905,2009-04-17,2009-04-20,28
2009,09-UF-BDI-735,4,27,9,5;11;4;2;3,3956773,2009-04-20,2009-05-11,14
2010,10-UF-DJI-4599,4,8,2,5;6;11;4;2;3,2999757,2010-06-30,2010-09-02,28
2010,10-UF-ETH-5212,4,27,9,5;7;6;11;4;2;3,16690193,2010-03-12,2010-04-05,36
2010,10-UF-ERI-4969,4,27,9,1;6;11;4;3,2995242,2010-03-17,2010-03-29,35
2010,10-UF-ERI-4980,4,27,9,5;1;6;11;4;3,2976856,2010-09-14,2010-09-14,35
2010,10-RR-MDG-13126,3,13,4,5,4725398,2010-08-31,2010-08-31,59
2010,10-UF-KEN-6405,4,27,9,5;7;11;4;3,9981466,2010-03-08,2010-03-24,52
2010,10-RR-KEN-6419,3,16,5,11;2,10048510,2010-06-22,2010-06-22,52
2010,10-RR-ZWE-12632,3,10,3,4;3,5439418,2010-04-28,2010-04-30,107
2010,10-UF-COG-3412,4,19,5,5;14;6;11;4;2;3,2883496,2010-09-30,2010-10-08,79
2010,10-RR-COG-3485,3,12,3,4;3,2004794,2010-12-13,2010-12-13,79
2010,10-RR-CMR-928,3,9,3,4;3,652684,2010-08-25,2010-08-25,16
2010,10-UF-COD-3851,4,16,5,5;6;11;4;2;3,15922571,2010-03-11,2010-03-29,27
2010,10-RR-COD-3876,3,16,5,5;6;11;4;2;3,5090973,2010-07-30,2010-08-11,27
2010,10-UF-COD-3910,4,16,5,5;7;6;11;4;2;3,8113082,2010-09-16,2010-09-22,27
2010,10-RR-CAF-1354,3,16,5,6;11;4,3102465,2010-04-20,2010-04-20,18
2010,10-UF-CAF-1373,4,19,5,20;6;11;4;3,2997013,2010-09-17,2010-10-14,18
2010,10-RR-TCD-2027,3,8,2,5;4;2;3,3751801,2010-01-22,2010-01-26,19
2010,10-UF-TCD-2051,4,16,5,5;19;6;11;4;2;3,7063642,2010-03-04,2010-03-17,19
2010,10-RR-TCD-2126,3,12,3,4;3,2744892,2010-04-01,2010-04-01,19
2010,10-UF-TCD-2157,4,27,9,5;19;6;11;4;2;3,8001389,2010-09-02,2010-09-08,19
2010,10-RR-TCD-2223,3,9,3,4;3,1277832,2010-11-04,2010-11-05,19
2010,10-RR-LSO-12910,3,10,3,3,645959,2010-05-21,2010-05-21,56
2010,10-RR-SDN-10174,3,27,9,5;7;4;2;3,22243311,2010-07-02,2010-08-12,80
2010,10-RR-SDN-10194,3,6,2,4,1613606,2010-10-27,2010-10-27,80
2010,10-RR-MRT-7363,3,8,2,5;6;4;2;3,1751722,2010-09-14,2010-09-20,63
2010,11-RR-MRT-7386,3,12,3,5;3,679425,2011-02-14,2011-02-14,63
2010,10-RR-MLI-7127,3,8,2,5;4;2,1503989,2010-03-18,2010-03-22,61
2010,10-UF-GIN-5722,4,27,9,5;6;11;4;2;3,1971425,2010-02-22,2010-03-05,43
2010,10-RR-BEN-383,3,6,2,11;4;2;3,4390369,2010-10-27,2010-10-29,8
2010,10-RR-BFA-635,3,6,2,6;4;2;3,1966070,2010-08-27,2010-08-30,13
2010,10-UF-NER-8444,4,8,2,5;4;2,5999924,2010-01-29,2010-01-29,71
2010,10-RR-NER-8451,3,8,2,5;4;2;3,13991081,2010-05-18,2010-06-08,71
2010,10-RR-NER-8465,3,8,2,2,15024435,2010-08-12,2010-08-12,71
2010,10-RR-TGO-11791,3,16,5,11;2,1231611,2010-07-21,2010-07-22,94
2010,10-RR-TGO-11798,3,6,2,5;4;2;3,1382064,2010-11-16,2010-11-19,94
2010,10-RR-SEN-10564,3,10,3,4;3,268235,2010-02-11,2010-02-11,83
2010,10-RR-NGA-8661,3,27,9,4;3,1999202,2010-08-27,2010-09-02,72
2010,10-RR-HTI-13405,3,1,1,5;7;20;1;6;4;25;2;3,15099196,2010-01-26,2010-02-05,45
2010,10-RR-HTI-13419,3,1,1,5;7;18;3,10529963,2010-03-15,2010-03-17,45
2010,10-RR-HTI-5848,3,1,1,7;4;2;3,10935690,2010-01-15,2010-01-15,45
2010,11-RR-HTI-5856,3,9,3,5;7;18;1;4;12;2;3,10371212,2011-01-10,2011-01-19,45
2010,10-UF-COL-2875,4,16,5,5;11;4;2;3,2966719,2010-03-25,2010-04-01,22
2010,10-RR-COL-2904,3,5,2,5;7;4;2;3,3640647,2010-12-07,2010-12-08,22
2010,10-RR-DOM-4802,3,1,1,7;19;1;6;3,1941576,2010-01-29,2010-01-29,30
2010,10-RR-GTM-5597,3,5,2,5;7;19;6;4;2;3,3376068,2010-06-15,2010-06-21,42
2010,10-RR-BOL-453,3,5,2,5;7;6;4;2;3,2486524,2010-03-04,2010-03-05,10
2010,10-RR-BOL-476,3,8,2,5;6;4;2;3,2002541,2010-12-07,2010-12-08,10
2010,10-RR-CHL-2661,3,1,1,5;7;21;1;14;6;4;3,10283575,2010-03-17,2010-03-18,20
2010,10-RR-KGZ-6876,3,27,9,5;11;2;3,909816,2010-04-29,2010-05-03,53
2010,10-RR-KGZ-6886,3,19,5,20;6;11;4;25;2;3,9080420,2010-06-28,2010-06-30,53
2010,10-RR-KGZ-13453,3,12,3,3,86254,2010-06-30,2010-06-30,53
2010,10-RR-UZB-13939,3,12,3,4;3,901749,2010-06-30,2010-06-30,100
2010,10-RR-TJK-11729,3,12,3,4;3,941309,2010-06-30,2010-07-02,92
2010,10-UF-NPL-8247,4,27,9,18;6;11;4;2;3,2000031,2010-09-15,2010-09-17,69
2010,10-UF-AFG-77,4,8,2,5;6;4;3,11019952,2010-03-25,2010-03-31,1
2010,10-UF-PRK-6649,4,27,9,5;6;4;2;3,7990534,2010-03-03,2010-03-09,26
2010,10-UF-PRK-6660,4,27,9,5;6;4;2;3,5449985,2010-09-14,2010-09-30,26
2010,10-RR-CHN-2737,3,1,1,1;6;4;2;3,4719705,2010-04-30,2010-05-04,21
2010,10-RR-MNG-7599,3,7,2,5;1;6;4;3,3556532,2010-02-25,2010-02-26,65
2010,10-RR-PAK-8858,3,16,5,18;6;4;25;2;3,9852049,2010-04-05,2010-04-08,74
2010,10-RR-PAK-8880,3,6,2,5;7;18;1;6;11;4;2;3,16595962,2010-08-11,2010-08-12,74
2010,10-RR-LKA-11071,3,16,5,5;7;6;11;4;12;2;3,13753756,2010-03-30,2010-03-31,89
2010,10-RR-LKA-11085,3,16,5,7;11;4;12;2;3,1936948,2010-10-14,2010-10-18,89
2010,10-UF-MMR-7808,4,12,3,5;1;6;11;4;2,3987182,2010-03-02,2010-03-22,67
2010,10-RR-MMR-7832,3,6,2,5;1;11;4;2,2438996,2010-07-16,2010-07-22,67
2010,10-RR-MMR-7858,3,5,2,5;7;1;6;11;4;2;3,6029657,2010-11-22,2010-11-29,67
2010,10-RR-PAK-13630,3,6,2,5;7;18;1;6;11;4;2;3,13381573,2010-08-30,2010-09-02,74
2010,10-UF-PHL-9658,4,19,5,5;7;6;11;4;2;3,2997112,2010-03-12,2010-04-01,78
2010,10-RR-IRQ-6080,3,27,9,2,1500000,2010-12-09,2010-12-09,49
2010,10-UF-YEM-12140,4,27,9,7;6;11;4;2;3,6996528,2010-03-02,2010-03-09,105
2010,10-RR-YEM-12157,3,19,5,2,375926,2010-06-04,2010-06-04,105
2010,10-UF-YEM-12185,4,19,5,5;7;6;11;4;2;3,7166658,2010-09-14,2010-10-01,105
2010,10-RR-GEO-5533,3,13,4,5,293394,2010-06-15,2010-06-15,39
2011,11-RR-YEM-12246,3,16,5,6;11;4;3,2280099,2011-05-09,2011-05-12,105
2011,11-RR-YEM-12266,3,16,5,7;6;11;4;2;3,8543168,2011-07-07,2011-07-21,105
2011,11-UF-PSE-9418,4,19,5,5;6;4;13;2,3972686,2011-02-22,2011-03-03,73
2011,11-RR-TUR-11882,3,1,1,7;11;4;3,3484733,2011-11-09,2011-11-10,96
2011,11-RR-SYR-11341,3,16,5,5;6;13;3,978576,2011-05-19,2011-07-14,91
2011,11-RR-SYR-11364,3,16,5,5;7;1;6;4;2;3,2686154,2011-10-24,2011-11-16,91
2011,11-RR-YEM-13951,3,16,5,7;11;2,4011314,2011-05-12,2011-05-12,105
2011,11-RR-PHL-9685,3,6,2,7;4;2,4917919,2011-07-14,2011-07-15,78
2011,11-UF-PHL-9706,4,19,5,5;7;6;11;4;3,3450334,2011-08-29,2011-09-30,78
2011,11-RR-PHL-9759,3,6,2,7;4;2,2980718,2011-12-23,2011-12-23,78
2011,11-UF-IRN-6051,4,16,5,11;2,2992466,2011-03-02,2011-03-14,50
2011,11-RR-PAK-12814,3,6,2,5;7;18;1;6;11;4;2;3,17633514,2011-09-30,2011-10-04,74
2011,11-RR-KHM-866,3,6,2,5;7;4;2,4033776,2011-10-24,2011-10-24,15
2011,11-UF-MMR-7922,4,19,5,5;7;18;1;11;4;2,2993060,2011-03-09,2011-03-11,67
2011,11-UF-MMR-7957,4,19,5,5;1;6;4;2;3,1990385,2011-09-15,2011-09-30,67
2011,11-RR-LKA-11130,3,6,2,5;7;6;4;12;2;3,6141383,2011-01-24,2011-01-24,89
2011,11-UF-LKA-11175,4,16,5,5;7;6;11;4;12;2;3,4980047,2011-03-03,2011-03-09,89
2011,11-UF-LKA-11219,4,16,5,5;7;6;11;4;12;2;3,4961348,2011-08-29,2011-09-13,89
2011,11-RR-PAK-8973,3,16,5,11,4990394,2011-05-12,2011-05-12,74
2011,11-UF-PAK-8978,4,16,5,5;7;6;11;4;2;3,9746993,2011-09-06,2011-09-20,74
2011,11-RR-BTN-409,3,1,1,1;4,1605535,2011-09-30,2011-09-30,9
2011,11-UF-PRK-6683,4,27,9,5;6;4;2;3,4999783,2011-03-03,2011-03-17,26
2011,11-RR-PRK-6712,3,27,9,5;4;2;3,9983492,2011-05-18,2011-05-19,26
2011,11-RR-PRK-6737,3,27,9,4,427131,2011-12-30,2011-12-30,26
2011,11-UF-NPL-8281,4,16,5,11;2,1999994,2011-09-08,2011-09-08,69
2011,11-RR-BOL-509,3,6,2,5;7;6;4;2;3,2584669,2011-04-21,2011-04-29,10
2011,11-RR-GTM-5608,3,5,2,7;6;4;2;3,2201628,2011-11-03,2011-11-04,42
2011,11-RR-SLV-4841,3,6,2,7;1;6;4;2;3,2579188,2011-10-28,2011-11-01,34
2011,11-RR-NIC-8351,3,6,2,5;7;1;6;4;2;3,2030597,2011-11-01,2011-11-01,70
2011,11-UF-COL-2952,4,19,5,5;6;4;2;3,2939401,2011-03-28,2011-03-30,22
2011,11-UF-COL-2987,4,19,5,5;6;11;4;3,2987990,2011-09-28,2011-10-04,22
2011,11-RR-GHA-5543,3,16,5,7;6;11;4;2;3,2121502,2011-07-19,2011-07-19,40
2011,11-RR-TGO-11825,3,16,5,11,614332,2011-10-04,2011-10-04,94
2011,11-RR-NER-8475,3,16,5,7;4;2;3,3747218,2011-06-02,2011-06-03,71
2011,11-RR-NER-8545,3,8,2,5;4;2,6001432,2011-11-30,2011-12-02,71
2011,11-RR-CIV-4218,3,16,5,5;7;6;11;4;2;3,10299134,2011-03-16,2011-03-25,24
2011,11-RR-CIV-4307,3,16,5,5;7;19;6;11;4;2;3,6025737,2011-07-27,2011-08-02,24
2011,11-RR-BEN-403,3,16,5,11,105930,2011-10-04,2011-10-04,8
2011,11-RR-GIN-5732,3,16,5,11,390012,2011-10-04,2011-10-04,43
2011,11-RR-LBR-12978,3,16,5,5;6;11;4;2;3,5988454,2011-03-02,2011-03-07,57
2011,11-RR-MRT-7396,3,8,2,5;6;4;2;3,4005971,2011-12-28,2012-01-17,63
2011,11-RR-SDN-10201,3,10,3,4;3,2654107,2011-04-08,2011-04-08,80
2011,11-RR-SDN-10212,3,16,5,7;11;4;3,10492033,2011-07-08,2011-07-11,80
2011,11-RR-LBY-13053,3,16,5,2,1444890,2011-04-21,2011-04-21,58
2011,11-RR-TUN-11853,3,16,5,7;11;4;2;3,4997940,2011-03-08,2011-03-11,95
2011,11-RR-SDN-13748,3,16,5,6;4;3,5175065,2011-04-12,2011-04-12,80
2011,11-RR-LSO-12913,3,6,2,5;4;2;3,1347306,2011-03-25,2011-03-25,56
2011,11-RR-LSO-12933,3,6,2,5;2,2689162,2011-09-15,2011-09-15,56
2011,11-RR-NAM-8178,3,6,2,6;4;2;3,1175941,2011-04-21,2011-04-21,68
2011,11-UF-TCD-2237,4,16,5,5;19;6;11;4;3,8039204,2011-03-15,2011-04-01,19
2011,11-RR-TCD-2333,3,10,3,6;4;3,3168302,2011-04-07,2011-04-07,19
2011,11-RR-TCD-2356,3,9,3,4;3,3260494,2011-07-14,2011-07-14,19
2011,11-RR-TCD-2376,3,9,3,4;3,4053434,2011-10-06,2011-10-06,19
2011,11-RR-TCD-2391,3,8,2,5;4;2,6011095,2011-12-30,2012-01-09,19
2011,11-RR-TCD-13300,3,16,5,2,1000002,2011-07-20,2011-07-20,19
2011,11-UF-CAF-1425,4,16,5,6;11;4;2;3,4999120,2011-03-02,2011-03-15,18
2011,11-RR-COD-3956,3,9,3,4;3,4094585,2011-07-20,2011-07-20,27
2011,11-RR-COG-3500,3,9,3,4;3,1395954,2011-11-17,2011-11-18,79
2011,11-UF-ZWE-12637,4,27,9,7;6;11;4;2,4995491,2011-03-11,2011-03-22,107
2011,11-RR-ZWE-12668,3,5,2,7,977054,2011-03-31,2011-03-31,107
2011,11-RR-ZWE-12678,3,9,3,4,3022440,2011-06-13,2011-06-13,107
2011,11-UF-ZWE-12683,4,16,5,5;7;6;11;4;2;3,6021312,2011-09-02,2011-10-04,107
2011,11-RR-SSD-13859,3,16,5,5;7;4;2;3,11309590,2011-07-13,2011-07-27,88
2011,11-UF-SSD-10864,4,16,5,7;11;4,11457364,2011-08-29,2011-09-01,88
2011,11-UF-SOM-10711,4,19,5,5;11;4;2;3,14989087,2011-03-14,2011-04-06,87
2011,11-RR-SOM-10743,3,8,2,5;1;4;2;3,27964457,2011-07-19,2011-07-26,87
2011,11-RR-SOM-13850,3,8,2,4,9999792,2011-08-02,2011-08-02,87
2011,11-UF-KEN-6424,4,16,5,5;7;11;2;3,5993848,2011-03-14,2011-03-30,52
2011,11-RR-KEN-6446,3,8,2,5;7;4;2;3,13554758,2011-07-18,2011-07-21,52
2011,11-RR-KEN-13444,3,16,5,11;2,3134866,2011-07-18,2011-07-20,52
2011,11-UF-MDG-13138,4,8,2,5;6;4;2;3,3994126,2011-02-09,2011-02-09,59
2011,11-RR-MDG-13164,3,13,4,5,2000000,2011-12-09,2011-12-09,59
2011,11-RR-MOZ-7674,3,16,5,7;11;2,1462910,2011-05-25,2011-05-25,66
2011,11-UF-ETH-5242,4,16,5,5;7;11;4;2;3,10998225,2011-03-17,2011-03-25,36
2011,11-RR-ETH-5276,3,8,2,4;2;3,14598379,2011-07-08,2011-07-12,36
2011,11-RR-ETH-5299,3,16,5,11;2,9901611,2011-09-02,2011-09-07,36
2011,11-UF-ETH-5316,4,8,2,5;7;1;6;11;4;2;3,10977438,2011-09-23,2011-09-30,36
2011,11-UF-DJI-4624,4,8,2,5;6;4;2;3,2998322,2011-02-15,2011-02-17,28
2011,11-RR-DJI-4653,3,8,2,5;11;4;2;3,3140097,2011-08-05,2011-08-10,28
2011,11-UF-BDI-750,4,19,5,5;11;4;2;3,3999812,2011-03-14,2011-03-25,14
2012,12-RR-BDI-778,3,6,2,5;4;2,1986269,2012-05-17,2012-05-17,14
2012,13-UF-BDI-793,4,16,5,5;11;4;2,2970162,2013-01-16,2013-01-21,14
2012,12-RR-COM-3158,3,6,2,1;6;4;2;3,2522639,2012-05-09,2012-05-11,23
2012,12-UF-DJI-4677,4,8,2,5;7;11;4;2;3,4019325,2012-03-12,2012-04-03,28
2012,12-RR-ETH-5364,3,16,5,2,1122564,2012-03-22,2012-03-22,36
2012,12-UF-ETH-5377,4,8,2,7;11;4;2;3,9912447,2012-08-14,2012-09-25,36
2012,12-UF-ERI-5011,4,8,2,19;6;11;4;3,3998941,2012-03-08,2012-03-26,35
2012,12-RR-ERI-5032,3,8,2,4;3,3291599,2012-12-19,2012-12-19,35
2012,13-RR-MWI-7067,3,8,2,5;4,3219663,2012-12-21,2012-12-28,60
2012,12-UF-MDG-13170,4,5,2,5;1;6;4;2;3,1999893,2012-09-05,2012-09-19,59
2012,12-RR-ETH-13377,3,12,3,3,2949770,2012-03-29,2012-03-29,36
2012,12-RR-KEN-6476,3,8,2,5;4,2000830,2012-05-04,2012-05-07,52
2012,12-RR-RWA-10469,3,16,5,11;4;2;3,3077082,2012-06-04,2012-06-08,81
2012,12-RR-UGA-11950,3,16,5,5;7;6;11;4;2;3,6887544,2012-06-28,2012-07-10,97
2012,12-UF-SSD-10880,4,16,5,5;7;11;4;3,20016635,2012-02-24,2012-02-27,88
2012,12-RR-SSD-10923,3,16,5,7;6;11;4;2,20027456,2012-07-16,2012-07-17,88
2012,12-UF-COG-3519,4,16,5,5;6;11;4;2;3,3920678,2012-03-26,2012-04-05,79
2012,12-RR-COG-3575,3,19,5,1;14;6;4;12;2;3,6997499,2012-04-23,2012-04-27,79
2012,12-RR-CMR-938,3,8,2,5;4;2,4220686,2012-02-27,2012-03-01,16
2012,12-UF-CMR-958,4,16,5,11;4;2,1997430,2012-08-31,2012-09-05,16
2012,12-RR-CMR-973,3,6,2,4;2;3,1999890,2012-10-05,2012-10-05,16
2012,12-RR-CMR-13286,3,12,3,3,2003280,2012-01-17,2012-01-17,16
2012,12-RR-CMR-13293,3,8,2,3,578236,2012-03-16,2012-03-16,16
2012,12-RR-COD-3968,3,9,3,4;3,9098247,2012-01-24,2012-01-24,27
2012,12-RR-COD-3979,3,16,5,5;11;4;2;3,9877980,2012-07-24,2012-07-30,27
2012,12-UF-COD-4017,4,16,5,5;6;4;2;3,11770546,2012-09-19,2012-09-28,27
2012,12-RR-COD-4065,3,12,3,4;3,739515,2012-09-18,2012-09-18,27
2012,12-UF-CAF-1487,4,16,5,5;6;11;4;2;3,5997499,2012-03-07,2012-04-02,18
2012,12-RR-CAF-1549,3,8,2,6;4;2;3,1993713,2012-07-13,2012-07-17,18
2012,12-RR-AGO-251,3,8,2,5;4;3,5102132,2012-06-21,2012-06-21,3
2012,12-UF-TCD-2421,4,16,5,5;19;1;6;11;4;2;3,7931609,2012-03-12,2012-03-30,19
2012,12-RR-TCD-2518,3,6,2,5;11;4;3,3122132,2012-10-23,2012-10-25,19
2012,12-RR-TCD-2550,3,13,4,5,748007,2012-11-29,2012-11-29,19
2012,12-RR-LSO-6596,3,8,2,5;6;4;2;3,6220011,2012-08-14,2012-08-16,56
2012,12-RR-SDN-13778,3,12,3,,,2012-03-02,2012-03-02,80
2012,12-RR-SDN-10273,3,16,5,2,2705784,2012-02-28,2012-02-28,80
2012,12-RR-SDN-10281,3,16,5,7,882075,2012-05-30,2012-05-30,80
2012,12-UF-SDN-10288,4,16,5,5;6;11;4;2;3,13994482,2012-09-12,2012-09-26,80
2012,12-RR-SDN-10334,3,12,3,3,2576108,2012-11-20,2012-11-20,80
2012,12-RR-MRT-7425,3,16,5,5;20;19;6;11;4;2;3,5490696,2012-03-23,2012-04-13,63
2012,12-RR-MRT-7477,3,12,3,5;3,722992,2012-12-03,2012-12-05,63
2012,12-RR-MLI-13480,3,16,5,2,1000000,2012-02-24,2012-02-24,61
2012,12-RR-MLI-7134,3,8,2,5;4;2,6057932,2012-03-06,2012-03-09,61
2012,12-RR-MLI-7155,3,16,5,5;7;17;19;6;11;4;2;3,6572185,2012-06-15,2012-07-10,61
2012,12-RR-MLI-7220,3,16,5,2,324230,2012-07-20,2012-07-20,61
2012,12-RR-GIN-5737,3,9,3,4;3,1126380,2012-04-23,2012-04-25,43
2012,12-RR-GMB-5487,3,8,2,5;6;4;2;3,4834117,2012-03-26,2012-03-26,38
2012,12-RR-MRT-13512,3,13,4,5,751993,2012-11-29,2012-11-29,63
2012,12-UF-CIV-4355,4,16,5,5;7;6;11;4;2;3,7958195,2012-03-23,2012-04-04,24
2012,12-RR-CIV-4437,3,9,3,4;3,919659,2012-09-04,2012-09-04,24
2012,12-RR-BFA-657,3,16,5,5;6;11;4;2;3,3990300,2012-03-15,2012-03-16,13
2012,12-RR-BFA-13236,3,8,2,5;4;2;3,9188845,2012-04-16,2012-04-20,13
2012,12-RR-BFA-13263,3,12,3,4,1690442,2012-05-30,2012-05-30,13
2012,12-RR-CIV-13334,3,16,5,2,606401,2012-08-21,2012-08-21,24
2012,12-RR-NER-8564,3,8,2,5;2,15933118,2012-04-20,2012-04-20,71
2012,12-RR-NER-8584,3,9,3,4;3,1099770,2012-08-31,2012-09-04,71
2012,12-RR-TGO-11829,3,16,5,5;11;4;2;3,1009821,2012-11-29,2012-12-06,94
2012,12-RR-SLE-10610,3,9,3,4;3,2461235,2012-08-14,2012-08-14,85
2012,12-RR-GHA-5570,3,9,3,4;3,312440,2012-08-14,2012-08-14,40
2012,12-RR-SEN-10569,3,8,2,5;4;2;3,6932070,2012-03-26,2012-04-05,83
2012,12-UF-HTI-5897,4,1,1,7;11;4;2;3,7949515,2012-03-13,2012-03-21,45
2012,12-RR-HTI-5933,3,5,2,5;7;4;12;2;3,3947974,2012-11-26,2012-12-07,45
2012,12-RR-NER-13557,3,16,5,11;4;2;3,4937917,2012-04-18,2012-04-20,71
2012,12-RR-NER-13582,3,6,2,1;4;3,2638911,2012-09-26,2012-10-01,71
2012,13-RR-NGA-8695,3,6,2,5;6;11;4;3,6431433,2013-01-15,2013-01-21,72
2012,12-RR-CUB-4468,3,5,2,5;1;6;4;2;3,5522753,2012-11-12,2012-11-15,25
2012,12-RR-PRY-9499,3,6,2,5;1;4;2;3,2577014,2012-07-19,2012-07-19,76
2012,12-UF-COL-3024,4,16,5,5;7;6;11;4;2;3,2990259,2012-09-25,2012-10-01,22
2012,12-RR-COL-3070,3,6,2,5;4;3,1093884,2012-11-02,2012-11-02,22
2012,12-RR-GTM-5648,3,1,1,7;6;4;2;3,1654130,2012-12-03,2012-12-13,42
2012,12-RR-PER-9554,3,6,2,5;7;4;3,2221613,2012-05-01,2012-05-01,77
2012,12-UF-NPL-8290,4,8,2,5;18;4;2;3,4997385,2012-03-27,2012-04-03,69
2012,12-UF-AFG-97,4,19,5,5;11;4;2;3,9995396,2012-09-12,2012-09-26,1
2012,12-UF-PRK-6752,4,27,9,5;6;4;2;3,10965527,2012-02-24,2012-02-29,26
2012,12-RR-PRK-6778,3,6,2,6;4;2;3,1955140,2012-08-16,2012-08-21,26
2012,12-UF-PAK-9030,4,16,5,5;7;6;11;4;2;3,14845730,2012-03-15,2012-03-26,74
2012,12-RR-PAK-9101,3,16,5,5;6;11;4;2;3,11970485,2012-03-21,2012-03-26,74
2012,12-RR-PAK-9149,3,6,2,5;7;18;1;6;11;4;2;3,9920625,2012-10-16,2012-10-23,74
2012,12-UF-LKA-11265,4,16,5,11;4;2,1994899,2012-08-21,2012-09-04,89
2012,12-RR-MMR-7984,3,16,5,11;4;2,1550054,2012-01-20,2012-01-23,67
2012,12-RR-MMR-8005,3,16,5,11;4;2,4981425,2012-04-20,2012-04-20,67
2012,12-RR-MMR-8026,3,16,5,11;4;2;3,4858026,2012-08-07,2012-08-09,67
2012,12-RR-MMR-8069,3,16,5,6;11;4;2;3,5262062,2012-11-16,2012-11-21,67
2012,12-UF-PHL-9786,4,16,5,5;7;6;11;4;2;3,3955432,2012-03-06,2012-03-16,78
2012,13-RR-PHL-9821,3,6,2,22;7;1;6;11;4;2;3,9958731,2012-12-18,2012-12-24,78
2012,12-RR-IRQ-6087,3,16,5,7;11;4;2;3,2567704,2012-10-16,2012-10-16,49
2012,13-RR-LBN-13458,3,16,5,13,1000000,2012-12-24,2012-12-24,55
2012,12-RR-LBN-6988,3,16,5,7;6;11;4;2;3,2978910,2012-05-30,2012-06-04,55
2012,12-RR-YEM-13968,3,16,5,7;6;11;4;2;3,9972260,2012-04-11,2012-04-20,105
2012,12-RR-SYR-13908,3,16,5,5;7;11;13,5978090,2012-08-29,2012-09-13,91
2012,12-UF-SYR-11401,4,16,5,6;11;4;13,6983629,2012-03-01,2012-03-28,91
2012,12-RR-SYR-11422,3,16,5,5;7;1;6;11;4;13;2;3,13813421,2012-04-18,2012-05-14,91
2012,12-RR-SYR-11494,3,16,5,6;11;4;2;3,9701592,2012-07-25,2012-07-26,91
2012,12-RR-TUR-11902,3,16,5,7;11;4,2086822,2012-05-07,2012-05-07,96
2012,13-RR-PSE-9440,3,19,5,1;4;12;13;3,8220942,2012-12-24,2013-01-17,73
2012,12-RR-YEM-12331,3,16,5,7;1;6;11;4;3,8503075,2012-08-03,2012-08-13,105
2012,12-RR-JOR-6182,3,16,5,7;6;11;4;2;3,3994809,2012-05-18,2012-05-25,51
2013,13-RR-JOR-6217,3,16,5,11;4,9800000,2013-04-29,2013-05-01,51
2013,13-RR-JOR-6231,3,16,5,7;17;6;11;4;13;2;3,4954548,2013-09-24,2013-09-26,51
2013,13-UF-YEM-12388,4,16,5,5;7;20;1;6;11;4;2;3,16800822,2013-03-08,2013-03-28,105
2013,13-RR-YEM-12496,3,12,3,4;3,2000492,2013-08-02,2013-08-02,105
2013,13-RR-PSE-9493,3,19,5,13,3000000,2013-09-03,2013-09-03,73
2013,13-RR-SYR-11542,3,16,5,5;7;1;6;11;4;13;2;3,20433455,2013-04-03,2013-04-12,91
2013,13-RR-SYR-11636,3,16,5,5;7;1;6;11;4;13;2;3,19970354,2013-10-01,2013-10-09,91
2013,13-RR-MHL-7314,3,8,2,7,1000000,2013-06-13,2013-06-13,62
2013,13-RR-LBN-7028,3,16,5,5;7;6;4;2;3,1012137,2013-01-23,2013-01-23,55
2013,13-RR-LBN-7055,3,16,5,13,1500001,2013-09-06,2013-09-06,55
2013,13-RR-LBN-6512,3,16,5,7;6;11;4;13;2;3,15019380,2013-09-19,2013-09-26,55
2013,13-RR-LAO-6952,3,12,3,3,753504,2013-08-14,2013-08-14,54
2013,13-RR-IRQ-6109,3,16,5,7;1;14;6;11;4;2;3,9999143,2013-09-12,2013-09-13,49
2013,13-UF-PHL-9884,4,16,5,7;1;6;11;4;2;3,2998998,2013-09-19,2013-10-02,78
2013,13-RR-PHL-9931,3,16,5,7;6;11;4;2;3,3015540,2013-10-01,2013-10-07,78
2013,13-RR-PHL-9970,3,5,2,5;7;1;6;11;4;2;3,25284204,2013-11-15,2013-11-18,78
2013,13-RR-PHL-13690,3,1,1,7;6;4;2;3,4997324,2013-10-31,2013-11-13,78
2013,13-RR-MMR-8105,3,16,5,6;11;4;3,4999616,2013-04-22,2013-04-24,67
2013,13-UF-MMR-8127,4,16,5,5;6;11;4;2;3,2999832,2013-09-20,2013-09-27,67
2013,13-RR-PAK-9228,3,16,5,5;18;6;11;4;2;3,3888565,2013-05-13,2013-05-24,74
2013,13-UF-PAK-9302,4,16,5,7;18;14;6;11;4;2;3,10001780,2013-09-04,2013-10-02,74
2013,13-UF-PRK-6796,4,27,9,5;6;4;2;3,7001300,2013-02-15,2013-03-13,26
2013,13-UF-PRK-6818,4,27,9,5;6;4;2;3,5995379,2013-08-16,2013-08-26,26
2013,13-RR-PRK-6842,3,6,2,6;4;2;3,2102708,2013-09-10,2013-09-13,26
2013,13-UF-AFG-127,4,19,5,6;11;4;2;3,16574042,2013-02-28,2013-03-27,1
2013,13-UF-BGD-356,4,16,5,7;11;2,2000642,2013-09-10,2013-09-10,7
2013,13-RR-BOL-548,3,8,2,5;4;2;3,2464176,2013-10-25,2013-10-29,10
2013,13-UF-COL-3098,4,16,5,5;6;11;4;2;3,3493954,2013-09-19,2013-10-08,22
2013,13-RR-NER-13607,3,16,5,7;11,1838229,2013-07-24,2013-07-24,71
2013,13-UF-HTI-5964,4,16,5,5;7;4;12;2;3,5985036,2013-03-08,2013-03-20,45
2013,13-UF-HTI-5999,4,9,3,7;4;3,1495064,2013-09-05,2013-09-13,45
2013,13-RR-SEN-10591,3,8,2,5;4;2;3,3038387,2013-05-21,2013-05-28,83
2013,13-RR-NER-8595,3,9,3,4;3,1571207,2013-07-15,2013-07-15,71
2013,13-UF-NER-8606,4,27,9,5;7;6;4;2;3,7891736,2013-09-27,2013-10-16,71
2013,13-RR-NER-8647,3,6,2,4;2,3000002,2013-10-23,2013-10-23,71
2013,13-RR-GNB-5776,3,8,2,5;4;2,3166825,2013-08-26,2013-08-29,44
2013,13-RR-GIN-5747,3,6,2,4;2,1097986,2013-10-14,2013-10-14,43
2013,13-RR-GIN-13395,3,16,5,4;2,1141170,2013-10-14,2013-10-14,43
2013,13-RR-MLI-7226,3,16,5,5;7;17;6;11;4;12;2;3,16273966,2013-03-18,2013-04-03,61
2013,13-UF-LBR-13022,4,16,5,5;4;2;3,2991937,2013-02-26,2013-03-06,57
2013,13-RR-MLI-13492,3,16,5,1;2,1610017,2013-02-20,2013-02-20,61
2013,13-RR-MRT-7487,3,16,5,5;20;6;11;4;2;3,4470372,2013-02-26,2013-03-01,63
2013,13-UF-MRT-7539,4,27,9,5;7;1;6;4;2;3,4008632,2013-09-17,2013-10-02,63
2013,13-UF-SDN-10340,4,16,5,5;6;11;4;2;3,16922090,2013-03-07,2013-03-28,80
2013,13-RR-SDN-10399,3,16,5,5;11;4;2;3,15022779,2013-04-25,2013-04-29,80
2013,13-RR-SDN-10421,3,16,5,4;2,1937900,2013-08-16,2013-08-16,80
2013,13-RR-SDN-10432,3,6,2,7;11;4;3,5537051,2013-09-26,2013-10-18,80
2013,13-RR-SDN-13785,3,16,5,5;6;11;4;2;3,8027628,2013-08-15,2013-08-21,80
2013,13-UF-DZA-185,4,16,5,1;11;4;2,2984040,2013-03-19,2013-03-20,2
2013,13-RR-TCD-2561,3,16,5,7;11;2,4132666,2013-04-09,2013-04-12,19
2013,13-UF-TCD-2588,4,16,5,5;7;19;6;11;4;2;3,8205856,2013-09-25,2013-10-25,19
2013,13-RR-TCD-13309,3,16,5,5;4,749152,2013-04-19,2013-04-23,19
2013,13-RR-CAF-1586,3,16,5,5;1;6;11;4;2;3,7133080,2013-05-03,2013-05-16,18
2013,13-RR-CAF-1664,3,16,5,5;7;1;6;11;4;2;3,9812070,2013-12-24,2014-01-02,18
2013,13-RR-COD-4074,3,16,5,6;11;4;2;3,8057273,2013-05-28,2013-06-05,27
2013,13-RR-COD-13325,3,10,3,4;3,4000071,2013-06-13,2013-06-13,27
2013,13-RR-CMR-989,3,12,3,3,1200078,2013-07-10,2013-07-10,16
2013,13-RR-CMR-996,3,16,5,11;4;2;3,2988794,2013-08-15,2013-08-15,16
2013,13-RR-COG-3656,3,9,3,4;3,751772,2013-04-17,2013-04-17,79
2013,13-RR-SSD-10968,3,16,5,2;3,5533318,2013-05-30,2013-06-03,88
2013,13-RR-SSD-10978,3,16,5,4;2,6053561,2013-08-07,2013-08-07,88
2013,13-RR-ZWE-12751,3,8,2,2,1967415,2013-11-18,2013-11-18,107
2013,13-UF-UGA-11980,4,16,5,5;7;6;11;4;2;3,3999807,2013-03-05,2013-03-15,97
2013,13-RR-UGA-12011,3,16,5,5;7;6;11;4;2;3,4974413,2013-08-29,2013-09-13,97
2013,13-RR-RWA-10486,3,16,5,11;4;2;3,3152423,2013-06-11,2013-06-14,81
2013,13-RR-RWA-10504,3,16,5,5;7;17;6;11;4;2;3,2392374,2013-11-05,2013-11-12,81
2013,13-RR-SOM-10789,3,12,3,4,1415815,2013-08-13,2013-08-13,87
2013,13-UF-SOM-10804,4,19,5,5;6;11;4;2;3,19787197,2013-09-17,2013-10-08,87
2013,13-RR-KEN-6486,3,12,3,11;4;3,1532872,2013-07-02,2013-07-08,52
2013,13-RR-KEN-6500,3,13,4,5;2,1506314,2013-11-04,2013-11-04,52
2013,13-RR-ETH-13388,3,16,5,7,1507993,2013-12-03,2013-12-03,36
2013,13-RR-MDG-13206,3,13,4,5,5000000,2013-08-01,2013-08-01,59
2013,13-UF-MDG-13212,4,5,2,5;6;2;3,3003483,2013-09-19,2013-09-25,59
2013,13-RR-MWI-7099,3,8,2,5;4;2,8049782,2013-11-04,2013-11-05,60
2013,13-RR-MOZ-7686,3,6,2,7;6;4;2;3,5133300,2013-02-04,2013-02-07,66
2013,13-RR-MOZ-7729,3,6,2,5,709038,2013-03-22,2013-03-22,66
2013,13-UF-ERI-5043,4,27,9,5;1;6;11;4;3,3055305,2013-02-28,2013-03-13,35
2013,13-UF-ETH-5402,4,16,5,5;7;11;4;2;3,17000030,2013-02-28,2013-03-28,36
2013,13-RR-ETH-5441,3,12,3,3,1255769,2013-06-05,2013-06-05,36
2013,13-RR-ETH-5448,3,16,5,7;2,4209143,2013-10-09,2013-10-10,36
2013,13-UF-DJI-4708,4,8,2,5;7;19;6;11;4;2;3,3312737,2013-02-26,2013-03-28,28
2013,13-UF-DJI-4747,4,8,2,5;7;1;11;4;2;3,2994281,2013-09-27,2013-10-11,28
2013,13-RR-BDI-827,3,16,5,5;7;6;11;4;2,3479171,2013-09-09,2013-09-16,14
2014,14-RR-BDI-8433,3,6,2,5;7;11;4;2,1978455,2014-03-28,2014-04-08,14
2014,14-UFE-DJI-8325,4,27,9,5;7;19;1;6;11;4;2;3,3997510,2014-03-26,2014-04-09,28
2014,14-UFE-ERI-11055,4,27,9,5;1;6;11;4;3,2489251,2014-09-24,2014-10-16,35
2014,14-UFE-ETH-11051,4,27,9,5;7;1;6;11;4;2;3,11593620,2014-09-29,2014-10-16,36
2014,14-RR-ETH-8066,3,16,5,7;11;4;2,5982930,2014-03-04,2014-03-06,36
2014,14-RR-ETH-12215,3,16,5,7;11;4;2,14999770,2014-11-11,2014-11-11,36
2014,14-RR-KEN-12305,3,16,5,7;6;11;4;2;3,9006478,2014-11-18,2014-11-25,52
2014,14-UFE-KEN-11048,4,27,9,7;4;2;3,10005413,2014-09-30,2014-10-14,52
2014,14-RR-KEN-7911,3,16,5,7;11;4;2;3,4628600,2014-02-20,2014-02-27,52
2014,14-RR-UGA-12430,3,16,5,5;7;17;6;11;4;2;3,5007893,2014-12-09,2014-12-15,97
2014,14-UFE-SOM-11113,4,27,9,5;7;6;11;4;2;3,19993757,2014-09-26,2014-10-09,87
2014,14-RR-SOM-10553,3,10,3,4;3,1450242,2014-07-10,2014-07-10,87
2014,14-UFE-UGA-8306,4,27,9,5;7;6;11;4;2;3,4019310,2014-03-17,2014-04-10,97
2014,14-RR-UGA-7828,3,16,5,5;7;6;11;4;2;3,6911547,2014-02-12,2014-02-13,97
2014,14-RR-SSD-8866,3,16,5,7;6;4;2;3,14933150,2014-04-04,2014-04-08,88
2014,14-RR-SSD-10426,3,9,3,4;3,3498910,2014-06-20,2014-06-20,88
2014,14-RR-SSD-7758,3,16,5,7;1;11;2,15314820,2014-01-17,2014-02-03,88
2014,14-RR-SSD-12481,3,16,5,7;1;6;11;4;2;3,19924302,2014-12-02,2014-12-24,88
2014,14-RR-ZWE-10137,3,6,2,2,773181,2014-05-28,2014-05-28,107
2014,14-RR-CMR-8721,3,16,5,7;17;11;4;2;3,4017795,2014-04-04,2014-04-24,16
2014,14-UFE-CMR-10959,4,27,9,5;17;6;11;4;2;3,4508705,2014-09-24,2014-10-14,16
2014,14-RR-COD-12209,3,16,5,5;11;2,5000917,2014-11-28,2014-12-09,27
2014,14-RR-CMR-12536,3,16,5,5;7;17;6;11;4;2;3,9791875,2014-12-19,2014-12-31,16
2014,14-RR-COG-8357,3,16,5,7;6;11;4;2;3,1976848,2014-04-17,2014-04-29,79
2014,14-RR-COG-12704,3,16,5,6;11;4;2;3,1784000,2014-12-24,2014-12-31,79
2014,14-RR-COD-11172,3,12,3,4;3,1955395,2014-10-02,2014-10-02,27
2014,14-RR-CAF-8065,3,16,5,5;7;6;11;4;2;3,9812697,2014-02-26,2014-03-06,18
2014,14-RR-CAF-12621,3,16,5,5;7;1;6;11;4;2;3,14264013,2014-12-22,2014-12-31,18
2014,14-RR-TCD-12318,3,16,5,7;11;4;2;3,4960461,2014-12-04,2014-12-17,19
2014,14-RR-TCD-7866,3,16,5,7;11;4;2;3,4228719,2014-02-20,2014-02-20,19
2014,14-RR-TCD-10438,3,16,5,7;11;4;3,3501682,2014-06-25,2014-07-18,19
2014,14-UFE-TCD-8129,4,27,9,5;7;6;11;4;2;3,10030941,2014-03-20,2014-04-10,19
2014,14-RR-LBY-12884,3,16,5,11;4;12;2;3,4861508,2014-12-30,2015-01-02,58
2014,14-RR-SDN-9003,3,16,5,6;11;4;2;3,6513561,2014-04-07,2014-04-14,80
2014,14-UFE-SDN-8403,4,27,9,5;7;6;11;4;12;2;3,19986850,2014-04-04,2014-04-15,80
2014,14-RR-SDN-11860,3,22,6,5;6;4;2;3,7884802,2014-12-02,2014-12-09,80
2014,14-RR-SDN-12392,3,16,5,7;6;11;4;2;3,8833751,2014-11-28,2014-12-19,80
2014,14-RR-LBR-10616,3,12,3,4;3,617535,2014-07-14,2014-07-14,57
2014,14-RR-LBR-10920,3,12,3,2,1289524,2014-08-27,2014-08-27,57
2014,14-UFE-GMB-10978,4,27,9,5;4;2;3,2474424,2014-09-24,2014-10-16,38
2014,14-RR-GIN-9024,3,12,3,6;4;2;3,1455120,2014-04-23,2014-04-25,43
2014,14-RR-GIN-11121,3,12,3,6;4;2;3,4610983,2014-09-24,2014-10-01,43
2014,14-RR-GIN-10925,3,12,3,2,1265381,2014-08-27,2014-08-27,43
2014,14-RR-GIN-7855,3,10,3,4;3,1023266,2014-02-26,2014-02-26,43
2014,14-UFE-MLI-8366,4,27,9,5;7;6;11;4;2;3,11443364,2014-04-02,2014-04-16,61
2014,14-UFE-MRT-11016,4,27,9,5;7;20;1;6;11;4;2;3,3464476,2014-10-20,2014-10-21,63
2014,14-UFE-BFA-10955,4,8,2,5;11;4;2;3,3929038,2014-09-23,2014-10-20,13
2014,14-UFE-SEN-10941,4,8,2,5;4;2,4500298,2014-09-18,2014-09-22,83
2014,14-RR-SLE-11046,3,12,3,2,1263228,2014-09-03,2014-09-03,85
2014,14-RR-SLE-11186,3,12,3,2,2999515,2014-09-23,2014-09-23,85
2014,14-RR-SLE-10371,3,12,3,4;3,234856,2014-06-18,2014-06-18,85
2014,14-RR-NGA-10929,3,12,3,4;3,1458309,2014-09-05,2014-09-08,72
2014,14-UFE-NGA-11105,4,16,5,7;6;11;4;3,3546645,2014-10-16,2014-10-20,72
2014,14-UFE-NER-10987,4,27,9,5;7;4;2;3,7962500,2014-09-29,2014-10-13,71
2014,14-RR-NER-10473,3,16,5,7;6;11;2;3,5181281,2014-07-14,2014-07-15,71
2014,14-UFE-HTI-7984,4,9,3,7;4;12;3,6205232,2014-03-19,2014-03-24,45
2014,14-RR-HTI-9285,3,9,3,4;3,2668206,2014-05-06,2014-05-06,45
2014,14-RR-PRY-10596,3,6,2,5;1;4;2;3,2817063,2014-07-16,2014-07-24,76
2014,14-RR-HND-12117,3,8,2,5;4;2;3,2600021,2014-11-07,2014-11-11,46
2014,14-RR-GTM-9716,3,12,3,4;2;3,2503311,2014-05-29,2014-05-29,42
2014,14-RR-GTM-12565,3,8,2,4;2;3,2942308,2014-12-17,2014-12-18,42
2014,14-RR-BOL-8463,3,6,2,5;7;6;4;2;3,3175302,2014-03-19,2014-03-24,10
2014,14-UFE-COL-8498,4,16,5,5;7;1;11;4;2;3,4505909,2014-04-07,2014-04-17,22
2014,14-UFE-PRK-8133,4,27,9,5;6;4;2;3,6497013,2014-03-10,2014-03-31,26
2014,14-RR-NPL-11343,3,6,2,6;4;2,1870201,2014-10-03,2014-10-08,69
2014,14-RR-AFG-11271,3,16,5,6;11;4;12;2;3,3991021,2014-09-22,2014-09-24,1
2014,14-RR-LKA-10416,3,8,2,5;4;2,2052680,2014-07-10,2014-07-18,89
2014,14-UFE-PAK-8291,4,27,9,5;7;18;6;11;4;2;3,9470276,2014-03-21,2014-04-08,74
2014,14-RR-PAK-10571,3,16,5,5;18;1;6;11;4;2;3,4907639,2014-07-18,2014-07-23,74
2014,14-UFE-MMR-8136,4,16,5,5;20;6;11;4;2;3,5532908,2014-03-04,2014-04-08,67
2014,14-RR-IRQ-10125,3,12,3,4;3,2000000,2014-06-02,2014-06-02,49
2014,14-RR-IRQ-10498,3,16,5,7;11;4;2,3930931,2014-07-14,2014-07-21,49
2014,14-RR-IRQ-7815,3,16,5,7;6;11;4;2;3,4873130,2014-02-11,2014-02-13,49
2014,14-RR-IRQ-12512,3,16,5,5;7;6;11;4;2;3,14871397,2014-12-12,2014-12-15,49
2014,14-RR-BIH-10185,3,6,2,7;1;4,2032306,2014-05-28,2014-05-28,11
2014,14-RR-SRB-10192,3,6,2,5;7;1;6;4;2;3,2164278,2014-06-04,2014-06-23,84
2014,14-RR-UKR-11242,3,16,5,7;20;6;11;4;2;3,3975226,2014-09-26,2014-10-03,98
2014,14-RR-SLB-9647,3,6,2,6;4;3,1776123,2014-05-19,2014-05-22,86
2014,14-RR-PSE-10905,3,19,5,1;4;12;13;2;3,10825145,2014-09-05,2014-09-18,73
2014,14-UFE-YEM-8206,4,27,9,5;7;1;6;11;4;2;3,13897833,2014-03-24,2014-04-17,105
2015,15-RR-YEM-15809,3,19,5,1;11;4;2,2592511,2015-09-04,2015-09-10,105
2015,15-RR-YEM-15526,3,16,5,7;11;4;2;3,25274293,2015-06-25,2015-07-02,105
2015,15-RR-YEM-15203,3,19,5,2,1440633,2015-05-22,2015-05-22,105
2015,15-RR-YEM-16888,3,16,5,7;1;6;11;4;3,14942667,2015-10-20,2015-10-30,105
2015,15-UF-TUR-13581,4,16,5,7;6;11;4;2;3,8999844,2015-02-24,2015-04-01,96
2015,15-RR-UKR-15384,3,19,5,4;2;3,4920172,2015-06-17,2015-06-19,98
2015,15-UF-SYR-13605,4,16,5,5;7;6;11;4;13;2;3,29926021,2015-03-13,2015-03-26,91
2015,15-RR-VUT-14293,3,5,2,5;7;6;4;2;3,5038408,2015-03-27,2015-03-30,101
2015,15-UF-IRQ-13828,4,16,5,5;1;6;11;4;2,7988899,2015-03-23,2015-04-02,49
2015,15-UF-JOR-13602,4,16,5,5;1;11;4;13;2,9000346,2015-02-25,2015-04-02,51
2015,15-RR-IRQ-17252,3,9,3,4;3,4490040,2015-10-30,2015-10-30,49
2015,15-UF-LBN-13680,4,16,5,6;11;4;13;2,18004139,2015-03-17,2015-04-02,55
2015,15-RR-MMR-15942,3,6,2,7;6;11;4;2;3,8905409,2015-08-07,2015-08-11,67
2015,15-RR-MMR-17338,3,6,2,5,1500000,2015-10-23,2015-10-23,67
2015,15-UF-MMR-16415,4,16,5,5;7;6;11;4;2;3,5367651,2015-09-22,2015-10-01,67
2015,15-RR-PHL-17750,3,5,2,5;3,1512074,2015-11-24,2015-11-30,78
2015,15-RR-PAK-16807,3,16,5,6;11;4;2;3,11000547,2015-10-02,2015-10-14,74
2015,15-RR-AFG-17675,3,19,5,5;6;2;3,5802858,2015-12-17,2015-12-23,1
2015,15-UF-AFG-16317,4,19,5,7;6;11;4;2;3,7983646,2015-09-16,2015-09-30,1
2015,15-RR-NPL-15874,3,1,1,2,3000000,2015-08-14,2015-08-14,69
2015,15-RR-NPL-17376,3,1,1,2,1200000,2015-10-28,2015-10-28,69
2015,15-RR-NPL-14845,3,1,1,7;6;4;2;3,14913716,2015-05-04,2015-05-06,69
2015,15-UF-BGD-16330,4,19,5,7;6;11;4;2,2992959,2015-09-15,2015-09-18,7
2015,15-RR-PER-15160,3,6,2,5;7;6;4,914395,2015-06-03,2015-06-05,77
2015,15-UF-PRK-13598,4,27,9,5;4;2;3,2000285,2015-03-09,2015-03-13,26
2015,15-RR-PRK-15797,3,8,2,4;2;3,6276701,2015-08-05,2015-08-11,26
2015,15-UF-COL-13727,4,22,6,5;1;11;4;2;3,2994382,2015-03-13,2015-04-02,22
2015,15-RR-CHL-14696,3,6,2,7;3,777854,2015-05-08,2015-05-13,20
2015,15-RR-HND-17502,3,8,2,4;2;3,2187908,2015-11-09,2015-11-13,46
2015,15-RR-SLV-17828,3,8,2,5;1;4;2,2710000,2015-12-17,2015-12-18,34
2015,15-RR-HTI-17758,3,16,5,7;11;4,1986864,2015-12-22,2015-12-28,45
2015,15-RR-HTI-15845,3,8,2,5;4;2,3025767,2015-08-14,2015-08-20,45
2015,15-RR-HTI-15837,3,9,3,7;4;3,4145154,2015-08-17,2015-08-20,45
2015,15-RR-NER-14142,3,16,5,7;6;11;4;2;3,6710140,2015-04-23,2015-04-28,71
2015,15-RR-NER-17852,3,16,5,7;6;11;4;2,7031508,2015-12-17,2015-12-29,71
2015,15-RR-NGA-17868,3,16,5,7;6;11;4;3,9854146,2016-01-18,2016-02-25,72
2015,15-RR-NGA-14217,3,16,5,5;7;1;6;11;4;2,9889075,2015-04-29,2015-05-04,72
2015,15-RR-MRT-17143,3,8,2,6;4;2;3,2532163,2015-10-20,2015-10-20,63
2015,15-RR-SDN-15745,3,16,5,6;11;4;2;3,7087382,2015-07-31,2015-08-17,80
2015,15-UF-SDN-16232,4,16,5,5;7;6;11;4;2;3,15116739,2015-09-10,2015-09-30,80
2015,15-RR-SDN-14565,3,10,3,4;3,1991765,2015-05-08,2015-05-08,80
2015,15-RR-DZA-17727,3,6,2,11;4;2;3,5051640,2015-12-09,2015-12-10,2
2015,15-UF-TCD-16304,4,16,5,5;11;4;2;3,5998567,2015-09-15,2015-09-29,19
2015,15-RR-TCD-17787,3,16,5,5;7;6;11;4;2;3,6997593,2015-12-18,2015-12-28,19
2015,15-RR-TCD-14349,3,16,5,7;1;11;4;2;3,3517882,2015-05-07,2015-05-22,19
2015,15-UF-EGY-13584,4,16,5,11;2;3,3500065,2015-03-03,2015-03-06,33
2015,15-RR-CAF-17599,3,16,5,5;7;1;6;11;4;2;3,11556590,2015-11-27,2015-12-17,18
2015,15-RR-CMR-14196,3,16,5,5;7;17;6;11;4;2;3,7066174,2015-04-24,2015-05-06,16
2015,15-RR-CMR-18002,3,16,5,5;6;11;4;2,7005094,2015-12-30,2015-12-31,16
2015,15-RR-COD-15556,3,16,5,5;6;11;4;2;3,6792923,2015-07-16,2015-07-31,27
2015,15-UF-COD-13652,4,16,5,11;4;12,8047670,2015-03-20,2015-04-07,27
2015,15-RR-SSD-15159,3,16,5,11;4;12;2,5616616,2015-06-02,2015-06-04,88
2015,15-RR-SSD-15810,3,9,3,4;3,2637025,2015-08-08,2015-08-08,88
2015,15-RR-SSD-15657,3,16,5,5;7;4;2,5192853,2015-07-16,2015-07-16,88
2015,15-RR-ZWE-17191,3,8,2,5;4;2,8110712,2015-10-28,2015-11-02,107
2015,15-RR-UGA-15851,3,16,5,7;6;11;4;2;3,3238788,2015-08-05,2015-08-06,97
2015,15-RR-SOM-16347,3,16,5,7;6;11;2;3,5300084,2015-09-22,2015-09-30,87
2015,15-UF-SOM-16433,4,8,2,5;7;6;11;4;2;3,19989234,2015-09-25,2015-10-12,87
2015,15-RR-RWA-15006,3,16,5,6;11;4;2;3,7984746,2015-05-18,2015-05-20,81
2015,15-RR-TZA-17379,3,9,3,4;3,1500314,2015-11-05,2015-11-05,99
2015,15-RR-TZA-15113,3,16,5,7;6;11;4;2;3,7656005,2015-05-27,2015-06-02,99
2015,15-UF-RWA-13702,4,16,5,7;17;6;11;4;2,2498220,2015-03-10,2015-03-17,81
2015,15-RR-MOZ-13756,3,9,3,4;3,748857,2015-03-02,2015-03-03,66
2015,15-RR-MOZ-13459,3,6,2,5;7;4;2,3247508,2015-02-03,2015-02-06,66
2015,15-RR-MWI-13471,3,6,2,5;7;11;4;2,6961397,2015-02-04,2015-02-11,60
2015,15-RR-MWI-16892,3,8,2,5;4;2,9963628,2015-10-12,2015-10-14,60
2015,15-RR-MDG-14228,3,8,2,5;4;2,2294798,2015-03-27,2015-04-02,59
2015,15-RR-ETH-17557,3,8,2,2,17003929,2015-11-11,2015-11-11,36
2015,15-UF-ETH-16220,4,8,2,5;11;4;2,10015968,2015-09-10,2015-09-11,36
2015,15-UF-ERI-16263,4,8,2,5;1;6;11;4;3,2993896,2015-09-03,2015-09-16,35
2015,15-UF-BDI-13583,4,16,5,5;7;4;2,2495246,2015-02-27,2015-03-04,14
2015,15-UF-DJI-13593,4,8,2,5;7;11;4;2,3000059,2015-03-06,2015-03-12,28
2016,16-RR-DJI-19828,3,8,2,5;7;4;2;3,1972054,2016-04-14,2016-04-22,28
2016,16-UF-ERI-21832,4,19,5,6;11;4;3,2002599,2016-09-15,2016-09-15,35
2016,16-UF-BDI-18467,4,16,5,5;7;20;6;11;4;2;3,12985955,2016-03-16,2016-03-31,14
2016,16-UF-ETH-18468,4,16,5,7;11;4;2,10991119,2016-03-10,2016-03-23,36
2016,16-RR-ETH-22863,3,16,5,7;11;4;2,9491863,2016-10-24,2016-10-26,36
2016,16-RR-MDG-20140,3,8,2,5;6;4;2;3,5988888,2016-04-23,2016-04-25,59
2016,16-UF-KEN-18491,4,16,5,6;11;4;2;3,3998746,2016-03-03,2016-03-16,52
2016,16-RR-KEN-19805,3,10,3,4;3,962943,2016-04-12,2016-04-12,52
2016,16-RR-MWI-21135,3,16,5,11;4;2,1437503,2016-06-29,2016-07-01,60
2016,16-RR-MOZ-19204,3,8,2,5;4;2,4679803,2016-03-24,2016-03-24,66
2016,16-UF-RWA-21834,4,16,5,6;11;4;2;3,4998778,2016-09-14,2016-09-20,81
2016,16-RR-RWA-21371,3,6,2,5;7;1;6;4;2;3,4218944,2016-07-19,2016-08-04,81
2016,16-UF-TZA-18470,4,16,5,7;17;6;11;4;2;3,10994664,2016-03-05,2016-03-30,99
2016,16-RR-TZA-22803,3,1,1,7;4,1498097,2016-10-26,2016-10-26,99
2016,16-RR-UGA-21908,3,16,5,17;6;11;4;2;3,10297497,2016-09-07,2016-09-07,97
2016,16-RR-SOM-20943,3,9,3,4;2;3,1879031,2016-06-17,2016-06-17,87
2016,16-RR-SOM-19262,3,8,2,5;7;6;4;2;3,11006301,2016-03-31,2016-04-06,87
2016,16-UF-UGA-18474,4,16,5,5;7;17;6;11;4;2;3,18000027,2016-03-03,2016-03-17,97
2016,16-RR-SSD-19018,3,16,5,11,5989321,2016-03-16,2016-03-16,88
2016,16-RR-SSD-19881,3,22,6,5;7;6;4;2;3,14834302,2016-04-14,2016-05-17,88
2016,16-RR-CMR-22075,3,16,5,6;4;2;3,4187543,2016-09-14,2016-09-23,16
2016,16-RR-COD-21185,3,12,3,4;3,1604808,2016-07-08,2016-07-08,27
2016,16-UF-COD-21899,4,16,5,5;11;4;2,10995505,2016-09-14,2016-09-19,27
2016,16-RR-COD-23263,3,16,5,5;6;11;2;3,3989371,2016-12-07,2016-12-13,27
2016,16-RR-COG-23171,3,16,5,6;11;4;2;3,2366915,2016-11-16,2016-11-28,79
2016,16-RR-AGO-18644,3,8,2,5;4;3,4989386,2016-02-25,2016-02-26,3
2016,16-RR-AGO-19627,3,12,3,3,3000000,2016-03-31,2016-03-31,3
2016,16-RR-CAF-21913,3,16,5,11;4;2,2985563,2016-10-07,2016-11-01,18
2016,16-UF-TCD-21922,4,16,5,5;7;6;11;4;2;3,10000551,2016-08-26,2016-09-20,19
2016,16-RR-TCD-20685,3,16,5,7;6;11;4;2;3,9991552,2016-06-01,2016-06-09,19
2016,16-UF-LBY-18497,4,22,6,7;1;6;11;4;12;2;3,11989024,2016-03-16,2016-03-31,58
2016,16-UF-CAF-21880,4,16,5,5;7;6;11;4;2;3,8999815,2016-09-14,2016-09-20,18
2016,16-RR-SWZ-19441,3,8,2,4;2,3141908,2016-03-28,2016-03-28,90
2016,16-UF-SDN-18490,4,16,5,6;11;4;2;3,6991425,2016-03-03,2016-03-11,80
2016,16-RR-SDN-20880,3,16,5,6;11;4;2;3,7951140,2016-06-23,2016-07-01,80
2016,16-RR-SDN-19372,3,16,5,5;7;6;11;4;2;3,9692867,2016-04-08,2016-04-28,80
2016,16-UF-MLI-18527,4,16,5,5;7;6;11;4;12;2;3,15999980,2016-03-03,2016-03-23,61
2016,16-RR-GIN-20518,3,30,0,1;4;3,2971319,2016-05-19,2016-05-27,43
2016,16-RR-LSO-19019,3,8,2,5;4;2;3,4782918,2016-03-14,2016-04-04,56
2016,16-RR-NGA-21156,3,16,5,5;1;6;11;4;2,13229882,2016-06-29,2016-07-12,72
2016,16-RR-NGA-20452,3,12,3,3,399741,2016-05-13,2016-05-13,72
2016,16-RR-HTI-22873,3,5,2,5;7;17;6;4;2;3,6838529,2016-10-19,2016-10-27,45
2016,16-RR-HTI-23486,3,5,2,7;4,3544711,2016-12-21,2016-12-21,45
2016,16-RR-NER-21746,3,16,5,7;6;11;4;2;3,4989275,2016-08-18,2016-08-31,71
2016,16-RR-CUB-22839,3,5,2,5;1;6;4;2;3,5352736,2016-10-19,2016-10-31,25
2016,16-RR-CIV-22036,3,16,5,6;4;2,1965416,2016-09-13,2016-09-13,24
2016,16-RR-GTM-18429,3,8,2,4;2;3,4829690,2016-01-28,2016-02-02,42
2016,16-RR-ECU-20419,3,1,1,7;17;6;11;4;2;3,7501349,2016-05-02,2016-05-24,32
2016,16-RR-PRK-22528,3,6,2,5;6;4;2;3,5054519,2016-09-28,2016-10-03,26
2016,16-UF-PRK-18469,4,27,9,5;6;4;2;3,8000692,2016-02-26,2016-03-05,26
2016,16-RR-BGD-21056,3,6,2,1;6;4;2,1799769,2016-07-01,2016-07-01,7
2016,16-RR-NPL-21571,3,8,2,5;4;2,1942999,2016-07-29,2016-07-29,69
2016,16-RR-AFG-23148,3,16,5,7;6;11;12;2;3,9782398,2016-11-14,2016-11-21,1
2016,16-RR-MNG-18890,3,7,2,5;1;6;4,2442974,2016-03-07,2016-03-14,65
2016,16-RR-LKA-20835,3,6,2,7;18;6;4;2;3,4320080,2016-06-06,2016-06-10,89
2016,16-RR-BGD-23507,3,16,5,7;6;4;2,3090269,2016-12-23,2016-12-29,7
2016,16-RR-VNM-20550,3,8,2,5;17;1;4;3,3897864,2016-05-19,2016-05-25,104
2016,16-RR-MMR-21991,3,6,2,5;6;2,3570457,2016-08-31,2016-09-02,67
2016,16-RR-TLS-21670,3,8,2,2,846703,2016-08-08,2016-08-08,93
2016,16-RR-LAO-18817,3,13,4,5,328811,2016-03-01,2016-03-01,54
2016,16-RR-JOR-21774,3,16,5,1;4,4308657,2016-08-19,2016-08-24,51
2016,16-RR-JOR-23191,3,16,5,7;6;11;4;3,5068863,2016-11-16,2016-12-16,51
2016,16-RR-IRQ-23465,3,16,5,7;6;11;3,18353642,2016-12-14,2016-12-23,49
2016,16-RR-PNG-20038,3,8,2,4;2,4736155,2016-04-08,2016-04-14,75
2016,16-RR-FJI-18935,3,5,2,5;7;17;1;6;4;2;3,8022382,2016-03-08,2016-03-14,37
2016,16-RR-IRQ-21399,3,22,6,7;6;11;4;3,15000602,2016-07-18,2016-07-25,49
2016,16-RR-YEM-22865,3,9,3,4;3,2000000,2016-10-20,2016-10-20,105
2016,16-UF-YEM-21828,4,16,5,7;6;11;4;2;3,12988837,2016-08-25,2016-09-02,105
2017,17-RR-YEM-26002,3,19,5,1;4;2;3,24953107,2017-05-16,2017-05-19,105
2017,17-RR-PSE-27078,3,19,5,4;13;3,4238419,2017-08-26,2017-08-29,73
2017,17-RR-YEM-26701,3,9,3,2,600000,2017-08-01,2017-08-01,105
2017,17-RR-IRQ-25469,3,16,5,2,10000001,2017-05-06,2017-05-06,49
2017,17-RR-MMR-26516,3,5,2,6;11;4,2167695,2017-06-30,2017-07-06,67
2017,17-RR-MMR-23929,3,22,6,5;20;6;11;2;3,4359153,2017-02-22,2017-02-23,67
2017,17-RR-VNM-28329,3,5,2,5;7;1;4,4213259,2017-11-28,2017-11-28,104
2017,17-RR-PHL-26498,3,16,5,7;6;11;4;3,2477274,2017-07-11,2017-07-17,78
2017,17-RR-LKA-24952,3,8,2,5;4;2,3175132,2017-03-30,2017-03-30,89
2017,17-RR-LKA-26231,3,6,2,7;18;6;4;2;3,4021141,2017-06-08,2017-06-13,89
2017,17-RR-MNG-23749,3,7,2,5;1,1107613,2017-01-17,2017-01-17,65
2017,17-UF-AFG-27432,4,16,5,5;7;11;4;2;3,9996905,2017-10-05,2017-10-20,1
2017,17-RR-NPL-27147,3,6,2,5;7;1;6;4;2,4787881,2017-09-08,2017-09-12,69
2017,17-RR-BGD-26267,3,5,2,7;6;11;4;2,1730610,2017-06-15,2017-06-21,7
2017,17-RR-BGD-26523,3,6,2,1;6;4,1005783,2017-07-07,2017-07-13,7
2017,17-RR-BGD-27174,3,6,2,1;6;4;2,2416384,2017-09-08,2017-09-08,7
2017,17-RR-BGD-27264,3,16,5,7;6;11;4;2,7001735,2017-09-18,2017-09-19,7
2017,17-RR-BGD-27808,3,16,5,7;6;11;4;2;3,12010342,2017-10-10,2017-10-17,7
2017,17-UF-PRK-23994,4,27,9,5;6;4;2;3,5996745,2017-03-03,2017-03-09,26
2017,17-RR-PRK-26770,3,8,2,5;6;4;2;3,6351013,2017-08-11,2017-08-14,26
2017,17-RR-PER-25327,3,6,2,5;7;1;6;4;3,5167962,2017-04-22,2017-04-26,77
2017,17-RR-CUB-27383,3,5,2,5;1;6;4;2;3,7999469,2017-09-28,2017-09-29,25
2017,17-RR-DMA-27733,3,5,2,5;7;1;6;4;2;3,3011838,2017-10-10,2017-10-17,29
2017,17-RR-ATG-27500,3,5,2,7;17;1;6;4;2,2154461,2017-10-04,2017-10-06,4
2017,17-UF-NGA-23979,4,16,5,5;7;6;11;4;2;3,21997157,2017-02-22,2017-03-17,72
2017,17-RR-NGA-26745,3,16,5,7;1;6;4;2;3,9889471,2017-08-03,2017-08-11,72
2017,17-UF-NER-24178,4,19,5,5;7;6;11;4;2;3,10058848,2017-02-28,2017-03-17,71
2017,17-UF-MLI-24179,4,19,5,5;7;6;11;4;12;2;3,6905824,2017-03-17,2017-03-30,61
2017,17-RR-SDN-26610,3,19,5,5;6;4;2;3,4987029,2017-07-25,2017-08-01,80
2017,17-UF-SDN-27345,4,16,5,7;6;11;4;2;3,14169983,2017-09-25,2017-10-20,80
2017,17-RR-SDN-25600,3,16,5,7;6;11;4;2;3,10469531,2017-05-18,2017-06-01,80
2017,17-UF-LBY-24004,4,19,5,5;7;6;11;4;12;2;3,5997815,2017-03-06,2017-03-30,58
2017,17-RR-LBY-28296,3,16,5,1,357812,2017-11-13,2017-11-13,58
2017,17-UF-TCD-27880,4,16,5,5;6;11;4;2;3,10994963,2017-10-26,2017-10-27,19
2017,17-RR-TCD-25560,3,16,5,5;6;11;4;2;3,3561841,2017-05-05,2017-05-08,19
2017,17-RR-CAF-23779,3,16,5,2,6000028,2017-01-27,2017-01-27,18
2017,17-UF-CAF-27399,4,16,5,5;7;6;11;4;2;3,9995626,2017-10-06,2017-10-17,18
2017,17-RR-AGO-25949,3,16,5,7;1;6;11;4;2;3,10545508,2017-06-05,2017-06-07,3
2017,17-RR-COG-26762,3,16,5,6;4;2;3,4371548,2017-08-11,2017-08-14,79
2017,17-RR-COD-27367,3,16,5,6;11,2994242,2017-09-29,2017-09-29,27
2017,17-RR-COD-27368,3,16,5,5;7;6;11;4;2,13958355,2017-10-04,2017-10-04,27
2017,17-RR-COD-24044,3,16,5,5;6;4;2;3,9611948,2017-02-22,2017-03-03,27
2017,17-UF-CMR-24089,4,16,5,5;7;6;11;4;2;3,10005413,2017-03-08,2017-03-31,16
2017,17-RR-SSD-25251,3,16,5,5;7;6;4;2;3,15524589,2017-04-22,2017-05-01,88
2017,17-RR-ZWE-25764,3,6,2,7;6;4,1585201,2017-05-03,2017-05-09,107
2017,17-UF-UGA-24077,4,16,5,5;7;17;1;6;11;4;2;3,14986704,2017-03-10,2017-03-21,97
2017,17-RR-SOM-25392,3,8,2,7;6;11;4;2;3,15033541,2017-04-21,2017-05-03,87
2017,17-UF-SOM-23817,4,8,2,5;7;6;11;4;2;3,17959294,2017-02-10,2017-02-22,87
2017,17-RR-KEN-25022,3,8,2,5;6;4;2;3,10329268,2017-04-06,2017-04-11,52
2017,17-RR-MDG-25219,3,5,2,5;7;6;4;2;3,4999601,2017-04-11,2017-04-12,59
2017,17-UF-MDG-23913,4,8,2,5;1;6;4;2;3,5960822,2017-03-03,2017-03-07,59
2017,17-RR-MOZ-24650,3,5,2,5;7;6;4;2;3,2000095,2017-03-17,2017-03-30,66
2017,17-RR-ETH-27005,3,8,2,2,10000000,2017-08-21,2017-08-21,36
2017,17-RR-ETH-23877,3,8,2,5;4;2,18512690,2017-02-17,2017-02-18,36
2017,17-RR-BDI-23809,3,8,2,5;7;2,3500011,2017-02-06,2017-02-06,14
2018,18-UF-ERI-28520,4,8,2,5;1;6;11;4;3,4994295,2018-02-19,2018-03-12,35
2018,18-RR-BDI-29151,3,16,5,6;11;4;2,2350572,2018-03-12,2018-03-16,14
2018,18-UF-BDI-31878,4,16,5,5;7;6;11;4;2,4999296,2018-09-21,2018-10-02,14
2018,18-RR-DJI-30969,3,5,2,7;4;3,1196791,2018-06-21,2018-06-24,28
2018,18-RR-ETH-28650,3,16,5,7;4,9930695,2018-03-23,2018-04-02,36
2018,18-RR-ETH-30739,3,6,2,7,5343942,2018-06-18,2018-06-18,36
2018,18-RR-ETH-31283,3,16,5,11;4;2;3,15014257,2018-07-13,2018-07-16,36
2018,18-RR-MDG-33194,3,12,3,7;4;3,1000000,2018-11-16,2018-11-16,59
2018,18-RR-KEN-30594,3,6,2,7;6;4;3,4945502,2018-06-04,2018-06-06,52
2018,18-RR-SOM-30443,3,6,2,11;4;2;3,5133588,2018-05-18,2018-05-22,87
2018,18-RR-SOM-28714,3,8,2,5;7;6;4;2;3,12135443,2018-04-06,2018-04-12,87
2018,18-UF-RWA-31913,4,16,5,6;11;2,3000067,2018-09-25,2018-09-25,81
2018,18-RR-UGA-28663,3,16,5,7;6;11;4;2;3,6098619,2018-02-15,2018-02-15,97
2018,18-UF-TZA-28525,4,16,5,7;6;11;4;2,9995458,2018-02-28,2018-03-06,99
2018,18-RR-ZMB-28517,3,16,5,7;6;11;4;2;3,6559772,2018-01-29,2018-02-01,106
2018,18-UF-UGA-28526,4,16,5,5;7;17;1;6;11;4;2;3,16988192,2018-03-15,2018-03-23,97
2018,18-RR-ZWE-32288,3,9,3,4;2;3,3099371,2018-10-04,2018-10-08,107
2018,18-RR-CMR-31414,3,16,5,5;7;17;1;6;11;4;2;3,5096994,2018-08-28,2018-08-31,16
2018,18-UF-CMR-28518,4,16,5,5;7;17;6;11;4;2;3,9884487,2018-03-14,2018-03-23,16
2018,18-RR-COD-33492,3,16,5,7;6;11;4;2;3,9823584,2018-12-21,2019-01-15,27
2018,18-RR-COD-31591,3,30,0,4;2;3,2808736,2018-08-13,2018-08-23,27
2018,18-RR-COD-30550,3,30,0,4;2;3,1995504,2018-05-24,2018-05-25,27
2018,18-UF-COD-28519,4,16,5,5;7;6;11;4;12;2;3,27840104,2018-03-12,2018-03-23,27
2018,18-RR-COD-28606,3,16,5,5;7;6;4;2;3,19981998,2018-02-02,2018-04-09,27
2018,18-UF-AGO-31870,4,16,5,6;11;2,2000950,2018-09-13,2018-09-18,3
2018,18-UF-COG-31951,4,16,5,5;1;6;11;4;2;3,3976882,2018-10-02,2018-10-10,79
2018,18-UF-CAF-31872,4,16,5,5;7;6;11;4;2;3,9932158,2018-09-18,2018-10-09,18
2018,18-RR-TCD-29154,3,16,5,5;6;11;4;2;3,6765609,2018-03-20,2018-03-20,19
2018,18-RR-TCD-30657,3,8,2,5;4;2,10216729,2018-06-04,2018-06-04,19
2018,18-UF-LBY-32468,4,16,5,5;7;6;11;4;12;2;3,8105330,2018-10-11,2018-10-23,58
2018,18-RR-LBY-32227,3,10,3,4,2500000,2018-10-04,2018-10-04,58
2018,18-RR-LBY-30399,3,16,5,2,1153061,2018-05-02,2018-05-02,58
2018,18-UF-SDN-32210,4,19,5,5;7;11;4;2;3,19997876,2018-10-04,2018-10-15,80
2018,18-RR-LSO-33695,3,8,2,5;7;6;4;2;3,5550533,2019-01-11,2019-01-18,56
2018,18-UF-MLI-28522,4,16,5,5;7;4;2,7999800,2018-02-28,2018-03-12,61
2018,18-RR-MLI-30933,3,8,2,5;4;2;3,6997663,2018-06-19,2018-06-24,61
2018,18-RR-MRT-28922,3,8,2,5;4;2,3975873,2018-03-20,2018-03-28,63
2018,18-RR-NER-31416,3,16,5,5;7;6;11;4;2,7112721,2018-07-31,2018-10-11,71
2018,18-RR-NER-32834,3,9,3,4;2;3,2274186,2018-10-22,2018-10-23,71
2018,18-RR-NGA-32765,3,9,3,4;3,2252605,2018-10-31,2018-11-01,72
2018,18-RR-NGA-33345,3,6,2,7;6;4;3,3959223,2018-12-10,2018-12-21,72
2018,18-RR-NGA-30426,3,12,3,3,655049,2018-05-10,2018-05-10,72
2018,18-RR-VEN-33275,3,19,5,7;6;11;4;3,9202761,2018-11-15,2018-11-21,102
2018,18-RR-BRA-32278,3,16,5,7;17;6;4,1502535,2018-10-04,2018-10-04,12
2018,18-RR-ECU-32097,3,16,5,17;6;4;2;3,1499915,2018-09-28,2018-10-03,32
2018,18-RR-HTI-33497,3,1,1,7;6;4,3157660,2018-12-20,2018-12-24,45
2018,18-UF-HTI-28521,4,27,9,5;7;6;4;2;3,8985177,2018-03-15,2018-03-23,45
2018,18-RR-BFA-30726,3,8,2,5;4;2,9015030,2018-06-05,2018-06-06,13
2018,18-RR-COL-30738,3,16,5,5;7;17;6;4;2;3,5929493,2018-06-29,2018-07-10,22
2018,18-UF-PRK-32725,4,27,9,5;4;2;3,10003768,2018-10-22,2018-10-23,26
2018,18-RR-PER-32095,3,16,5,7;6;4;3,1975196,2018-09-28,2018-10-04,77
2018,18-RR-GTM-30994,3,2,1,7;11;4;2;3,1559967,2018-07-02,2018-07-07,42
2018,18-UF-BGD-31909,4,16,5,7;17;6;11;4;2;3,18002515,2018-09-25,2018-10-08,7
2018,18-RR-AFG-31254,3,8,2,5;4;2;3,11937469,2018-08-13,2018-08-13,1
2018,18-RR-VZR-30453,3,16,5,7;11,6203340,2018-05-24,2018-05-25,103
2018,18-RR-IND-31935,3,6,2,5;1;4;3,4979186,2018-09-14,2018-09-19,47
2018,18-UF-PAK-28523,4,19,5,5;1;4;2;3,7993805,2018-03-09,2018-03-23,74
2018,18-UF-PHL-28524,4,16,5,5;1;6;11;4;2;3,5031703,2018-03-06,2018-03-20,78
2018,18-RR-MMR-28491,3,19,5,5;6;4;2;3,4246807,2018-01-05,2018-01-10,67
2018,18-RR-MMR-31712,3,6,2,5;7;6;4;2;3,2959446,2018-08-30,2018-09-07,67
2018,18-RR-IDN-32543,3,1,1,5;7;1;6;11;4;2;3,14425020,2018-10-09,2018-10-17,48
2018,18-RR-LBN-30469,3,10,3,4,1127942,2018-05-11,2018-05-11,55
2018,18-RR-LAO-32635,3,6,2,5;1;2;3,3509410,2018-10-15,2018-10-16,54
2018,18-RR-UKR-30772,3,19,5,7;20;11;4;3,5904612,2018-06-21,2018-06-28,98
2018,18-RR-PNG-29464,3,1,1,7;17;1;6;4;2;3,9186710,2018-03-21,2018-03-23,75
2018,18-RR-PSE-28903,3,19,5,13,15005129,2018-03-09,2018-03-09,73
2018,18-RR-PSE-30459,3,22,6,4;3,1260080,2018-05-10,2018-05-10,73
2018,18-RR-YEM-28632,3,19,5,1;11;4;2;3,49909290,2018-02-01,2018-02-02,105
2019,19-UF-PSE-34982,4,19,5,5;6;4;13;2;3,7748483,2019-04-05,2019-04-20,73
2019,19-RR-YEM-33901,3,19,5,2,31666052,2019-01-25,2019-01-25,105
2019,19-UF-UKR-35074,4,19,5,5;7;20;6;11;4;3,6003065,2019-04-10,2019-05-03,98
2019,19-RR-WSM-40060,3,10,3,1;6;4;3,2707068,2019-12-16,2019-12-18,82
2019,19-RR-MMR-37457,3,16,5,5;6;11;4;2;3,3494397,2019-05-29,2019-06-03,67
2019,19-RR-PHL-39649,3,1,1,7;6;4,3066075,2019-11-27,2019-11-29,78
2019,19-RR-PAK-33969,3,8,2,5;6;4;2;3,10280648,2019-02-01,2019-02-19,74
2019,19-RR-IRN-36632,3,6,2,6;11;4;3,1971476,2019-04-26,2019-04-29,50
2019,19-UF-AFG-38544,4,16,5,7;11;4;12;2;3,15999997,2019-09-23,2019-09-24,1
2019,19-RR-BGD-38402,3,6,2,5;17;1;6;4;2,5239236,2019-08-22,2019-08-28,7
2019,19-UF-BGD-38582,4,16,5,7;6;11;4,14994575,2019-09-24,2020-08-28,7
2019,19-UF-HND-34980,4,8,2,5;4;2,2999924,2019-04-17,2019-04-17,46
2019,19-UF-COL-35000,4,27,9,5;17;6;11;4;12;2;3,7991845,2019-04-16,2019-04-20,22
2019,19-RR-SLV-37678,3,8,2,5;4;2;3,1998859,2019-07-11,2019-07-11,34
2019,19-RR-GTM-37683,3,8,2,5;4;2;3,1986599,2019-07-03,2019-07-03,42
2019,19-RR-PRK-39293,3,5,2,5;4;2,5999898,2019-10-21,2019-10-22,26
2019,19-UF-VZR-38575,4,16,5,7;11,6000000,2019-09-25,2019-10-03,103
2019,19-RR-HTI-37982,3,8,2,5;4;2,5081432,2019-08-15,2019-08-21,45
2019,19-UF-HTI-34979,4,9,3,4;3,5018366,2019-04-16,2019-04-30,45
2019,19-RR-CUB-34583,3,5,2,7;1;6;4;2;3,1995221,2019-03-05,2019-03-12,25
2019,19-UF-VEN-38565,4,16,5,6;11;4;3,10015686,2019-09-27,2019-10-03,102
2019,19-RR-BHS-38922,3,5,2,7;6;2,1002151,2019-09-26,2019-09-26,6
2019,19-RR-HTI-39492,3,19,5,2,1054807,2019-11-13,2019-11-13,45
2019,19-RR-NER-39319,3,16,5,7;6;11;4;2;3,7995737,2019-10-28,2019-10-29,71
2019,19-RR-NER-39692,3,22,6,2,949945,2019-11-29,2019-11-29,71
2019,19-UF-NER-35355,4,16,5,5;7;6;11;4;2;3,7989787,2019-04-20,2019-05-06,71
2019,19-RR-LSO-39982,3,8,2,5;6;4;2;3,3049997,2019-12-31,2020-01-03,56
2019,19-UF-MLI-38562,4,16,5,5;7;6;11;4;12;2,6000086,2019-09-16,2019-09-23,61
2019,19-UF-BFA-38547,4,16,5,5;7;6;11;4;2;3,6011883,2019-09-25,2019-10-07,13
2019,19-RR-BFA-34491,3,16,5,6;11;4;2;3,3998647,2019-03-07,2019-03-08,13
2019,19-RR-SDN-35023,3,35,0,5;7;6;4;2;3,26362821,2019-04-02,2019-04-16,80
2019,19-RR-SDN-39315,3,9,3,11;4;3,2999889,2019-10-28,2019-10-31,80
2019,19-UF-SDN-38579,4,27,9,5;6;11;4;2;3,14003594,2019-09-27,2019-11-01,80
2019,19-UF-TCD-35117,4,27,9,5;6;11;4;2;3,10979313,2019-04-08,2019-04-11,19
2019,19-RR-LBY-36788,3,16,5,6;11;4;2;3,2000001,2019-05-02,2019-05-06,58
2019,19-RR-LBY-37490,3,16,5,1,156254,2019-05-29,2019-05-29,58
2019,19-RR-LBY-38781,3,16,5,2,1602143,2019-09-19,2019-09-19,58
2019,19-RR-AGO-35794,3,8,2,5;6;4;3,6342732,2019-05-08,2019-05-20,3
2019,19-UF-COD-34978,4,27,9,5;6;11;4;12;2;3,31753453,2019-04-12,2019-04-30,27
2019,19-RR-COD-38519,3,30,0,7;4;3,9837589,2019-09-10,2019-09-10,27
2019,19-UF-CMR-35569,4,16,5,5;7;17;1;6;11;4;2,11295158,2019-04-26,2019-05-07,16
2019,19-RR-COG-34189,3,16,5,5;6;11;4;2;3,2987422,2019-02-21,2019-02-26,79
2019,19-UF-CMR-38557,4,16,5,14;11;4;2;3,5002518,2019-09-30,2019-10-22,16
2019,19-RR-SSD-34983,3,16,5,5;7;6;11;4;2;3,10917832,2019-03-26,2019-04-01,88
2019,19-RR-SSD-33820,3,30,0,7;4;2;3,2015164,2019-01-25,2019-01-25,88
2019,19-RR-SSD-39576,3,6,2,5;7;6;11;4;2;3,14999837,2019-11-27,2019-12-03,88
2019,19-RR-ZWE-35840,3,5,2,7;6;11;4;2;3,4055106,2019-04-08,2019-04-15,107
2019,19-RR-ZWE-34298,3,8,2,5;6;4;2;3,10050789,2019-03-05,2019-03-08,107
2019,19-RR-ZMB-39661,3,8,2,6;4;2;3,7988674,2019-11-29,2019-12-04,106
2019,19-RR-UGA-33993,3,30,0,7;11;4;2;3,4304763,2019-02-16,2019-02-27,97
2019,19-UF-UGA-35202,4,16,5,5;7;17;1;6;11;4;2;3,17991573,2019-04-25,2019-05-16,97
2019,19-RR-RWA-33824,3,30,0,4;3,1798007,2019-01-21,2019-01-25,81
2019,19-UF-TZA-35239,4,16,5,7;6;11;4;2,5989345,2019-04-25,2019-05-14,99
2019,19-RR-SOM-39722,3,6,2,7;11;4;2;3,8000222,2019-12-03,2019-12-10,87
2019,19-RR-SOM-34946,3,8,2,5;7;6;4;2;3,11946861,2019-03-26,2019-04-09,87
2019,19-RR-SOM-38014,3,8,2,5;7;6;11;4;2;3,29922589,2019-07-31,2019-08-15,87
2019,19-RR-MOZ-34221,3,8,2,5;6;4;2,4963658,2019-02-21,2019-02-26,66
2019,19-RR-MOZ-35492,3,5,2,5;7;19;6;11;4;2;3,14018121,2019-03-28,2019-04-02,66
2019,19-RR-MOZ-37184,3,5,2,7;6;4;2;3,9964907,2019-05-16,2019-05-24,66
2019,19-RR-KEN-39625,3,6,2,5;7;6;4;2;3,3009272,2019-11-27,2019-12-04,52
2019,19-RR-KEN-37704,3,8,2,5;6;4;2;3,4999317,2019-07-09,2019-07-16,52
2019,19-UF-MDG-34350,4,27,9,5;1;6;4;2;3,4998919,2019-02-21,2019-03-12,59
2019,19-RR-MWI-33930,3,8,2,6;4;2;3,10000426,2019-01-31,2019-02-07,60
2019,19-RR-MWI-35650,3,5,2,7;17;6;11;4;2,3352045,2019-04-04,2019-04-11,60
2019,19-RR-ETH-37959,3,16,5,7;1;6;11;4;3,11111092,2019-08-02,2019-08-15,36
2019,19-RR-ETH-37661,3,8,2,5;4,9998667,2019-07-01,2019-07-01,36
2019,19-UF-DJI-35058,4,27,9,5;7;11;4;2;3,4003125,2019-04-16,2019-04-26,28
2019,19-RR-DJI-40092,3,6,2,5;7;1;4;2;3,2975819,2019-12-26,2020-01-07,28
2019,19-RR-COM-37104,3,5,2,5;1;6;4;2;3,2994184,2019-05-13,2019-05-21,23
2019,19-RR-BDI-33879,3,30,0,7;11;4;2;3,2384881,2019-02-01,2019-02-12,14
2019,19-UF-ERI-38585,4,8,2,5;1;6;4;3,2000112,2019-09-13,2019-09-24,35
2020,20-UF-BDI-44781,4,16,5,7;6;11;4;2,5000231,2020-11-12,2020-11-17,14
2020,20-RR-MDG-44710,3,8,2,5;6;4;2,3999919,2020-09-11,2020-09-14,59
2020,20-RR-MOZ-42470,3,33,0,5;7;6;11;4;2;3,7003079,2020-04-23,2020-04-24,66
2020,20-UF-MOZ-45117,4,16,5,5;7;6;11;4;2;3,6999888,2020-10-21,2020-10-29,66
2020,20-RR-ETH-44584,3,6,2,4;3,8000000,2020-08-26,2020-09-04,36
2020,20-RR-ETH-46276,3,19,5,7;11;4;3,13011169,2020-12-24,2020-12-31,36
2020,20-RR-KEN-43346,3,6,2,7;4;2,3006018,2020-06-02,2020-06-02,52
2020,20-RR-RWA-43884,3,6,2,5;7,1000000,2020-07-20,2020-07-22,81
2020,20-RR-SOM-44036,3,38,5,5;7;11;4;2;3,14990014,2020-07-15,2020-07-17,87
2020,20-RR-SOM-43194,3,6,2,7;11;4;2,7100529,2020-05-29,2020-06-04,87
2020,20-UF-UGA-45310,4,16,5,17;6;11;4;3,4999336,2020-11-10,2020-11-19,97
2020,20-RR-UGA-40553,3,6,2,5;7;6;11;4;3,3951312,2020-01-17,2020-01-30,97
2020,20-RR-ZWE-40612,3,8,2,5;6;4;2;3,14894023,2020-02-11,2020-02-14,107
2020,20-RR-EAF-40783,3,13,4,5,10000000,2020-02-03,2020-02-03,31
2020,20-RR-EAF-46560,3,13,4,5,1500000,2020-12-31,2020-12-31,31
2020,20-RR-CMR-40714,3,16,5,7;6;11;4;2;3,8716990,2020-02-07,2020-02-13,16
2020,20-RR-ZWE-42705,3,19,5,2,19999113,2020-04-28,2020-04-28,107
2020,20-RR-SSD-40943,3,19,5,6;11;4;2,16859798,2020-03-13,2020-03-19,88
2020,20-RR-SSD-45085,3,6,2,5;7;6;4;2;3,9739548,2020-10-29,2020-11-04,88
2020,20-RR-SSD-46432,3,19,5,2,7000000,2021-01-07,2021-01-07,88
2020,19-RR-COG-40036,3,6,2,5;6;11;4;2;3,6926981,2020-01-07,2020-01-10,79
2020,20-RR-AGO-40795,3,8,2,5;6;4;3,3501693,2020-03-02,2020-03-06,3
2020,20-UF-COD-40870,4,27,9,5;7;6;11;4;2;3,29983890,2020-03-30,2020-04-14,27
2020,20-RR-COD-42346,3,30,0,7;6;11;4;2;3,39947117,2020-05-21,2020-05-28,27
2020,20-RR-CAF-46567,3,16,5,2,1000994,2020-12-30,2020-12-30,18
2020,20-UF-TCD-40769,4,16,5,5;7;6;11;4;2;3,12020162,2020-02-28,2020-03-18,19
2020,20-RR-TCD-44607,3,16,5,7;11;4;2,4505172,2020-08-26,2020-09-02,19
2020,20-RR-SDN-40765,3,35,0,5;7;1;6;11;4;2;3,99874841,2020-02-18,2020-02-28,80
2020,19-RR-NAM-40495,3,8,2,5;6;4;2,3000029,2020-01-15,2020-01-22,68
2020,20-RR-SOA-45759,3,13,4,5,2000000,2020-11-23,2020-11-23,110
2020,20-RR-SDN-46213,3,16,5,11;4;3,5000000,2020-12-30,2021-01-07,80
2020,20-RR-MLI-41516,3,38,5,5;11;4;2;3,6999805,2020-03-19,2020-03-20,61
2020,20-UF-MRT-40776,4,8,2,5;7;6;11;4;2,5999380,2020-02-28,2020-03-05,63
2020,20-UF-HTI-45128,4,27,9,5;7;6;4,5000000,2020-11-12,2020-11-24,45
2020,20-RR-SLV-43848,3,5,2,5;7;4;2,2999884,2020-07-08,2020-07-09,34
2020,20-UF-HTI-40821,4,27,9,5;6;4;2;3,6999405,2020-03-12,2020-03-12,45
2020,20-UF-NGA-45132,4,16,5,7;6;11;4,13001946,2020-10-29,2020-11-05,72
2020,20-RR-BFA-41333,3,16,5,6;11;4;12;3,10005433,2020-03-19,2020-03-20,13
2020,20-RR-BFA-46439,3,16,5,2,6000000,2020-12-31,2020-12-31,13
2020,20-UF-BFA-45133,4,16,5,5;6;11;4;2;3,6001148,2020-11-16,2020-11-17,13
2020,20-RR-NER-45057,3,6,2,7;6;11;4,5019416,2020-10-02,2020-10-08,71
2020,20-RR-NER-42550,3,16,5,11;4;2,6001054,2020-05-01,2020-05-14,71
2020,20-UF-NER-40771,4,27,9,5;7;6;11;4;2;3,10951371,2020-03-20,2020-03-30,71
2020,20-UF-COL-44671,4,19,5,17;6;11;4;2;3,5000000,2020-11-18,2020-12-01,22
2020,20-RR-NIC-46275,3,5,2,4;2;3,2000000,2020-12-24,2020-12-30,70
2020,20-RR-GTM-46209,3,5,2,4;2;3,2522190,2020-12-15,2020-12-18,42
2020,20-UF-GTM-40784,4,8,2,5;17;6;4;2;3,4993677,2020-03-18,2020-04-03,42
2020,20-RR-HND-45959,3,5,2,4;2;3,3901926,2020-12-09,2020-12-11,46
2020,20-UF-HND-40782,4,8,2,5;7;4;2;3,5000038,2020-03-09,2020-03-31,46
2020,20-RR-BGD-43537,3,5,2,5;1;6;4;2,5012069,2020-06-17,2020-06-22,7
2020,20-RR-BGD-44022,3,6,2,5;6;2,5189062,2020-07-06,2020-07-06,7
2020,20-UF-AFG-45288,4,27,9,5;7;6;4;2;3,12999965,2020-10-29,2020-10-30,1
2020,20-RR-AFG-46479,3,38,5,5;2,15000000,2020-12-31,2020-12-31,1
2020,20-UF-PRK-41744,4,38,5,5;6;4;2;3,4999689,2020-06-04,2020-06-04,26
2020,20-RR-PAK-45179,3,6,2,4;2;3,2999886,2020-10-23,2020-10-27,74
2020,20-UF-PAK-45168,4,27,9,17;6;4;2;3,5974274,2020-10-20,2020-11-10,74
2020,20-RR-PAK-41273,3,5,2,5;6;2;3,3000016,2020-04-08,2020-04-14,74
2020,20-RR-VNM-45780,3,6,2,1;6;4,2999889,2020-11-25,2020-11-25,104
2020,20-RR-PHL-45955,3,5,2,7;4;2,3113674,2020-11-25,2020-11-25,78
2020,20-UF-LBN-40772,4,27,9,6;11;4;13;3,12988434,2020-03-05,2020-03-05,55
2020,20-RR-LBN-44565,3,19,5,18;2;3,5999480,2020-08-18,2020-08-18,55
2020,20-UF-JOR-40861,4,16,5,17;6;11;4;13,6000400,2020-03-06,2020-03-10,51
2020,20-RR-FJI-42874,3,5,2,7;4;2;3,1002748,2020-06-05,2020-06-10,37
2020,20-RR-VUT-42734,3,5,2,5;7;6;4;2;3,2605385,2020-05-05,2020-05-12,101
2020,20-RR-GLB-42285,3,31,0,5;7;18;1;6;11;4;2;3,80000024,2020-04-02,2020-04-14,41
2020,20-RR-GLB-43879,3,31,0,7,25074550,2020-06-25,2020-06-25,41
2020,20-RR-GLB-41473,3,31,0,4;3,15000000,2020-03-11,2020-03-12,41
2020,20-RR-SYR-40986,3,16,5,7;11;4;2,29995744,2020-02-14,2020-02-17,91
2020,20-UF-SYR-40845,4,16,5,5;1;11;4;2;3,24887327,2020-03-12,2020-03-18,91
2020,20-RR-PSE-41231,3,19,5,13,22293277,2020-03-20,2020-03-20,73
2020,20-RR-YEM-46393,3,16,5,2,30000000,2020-12-31,2020-12-31,105
2020,20-UF-YEM-45000,4,33,0,6;4;3,34999937,2020-11-05,2020-11-05,105
2021,21-RR-ARM-46814,3,19,5,7;11;4,2000598,2021-01-26,2021-01-29,5
2021,21-RR-AZE-46781,3,19,5,1;11;3,1999227,2021-01-27,2021-02-02,111
2021,20-RR-GLB-46341,3,22,6,17;6,25004109,2021-02-09,2021-02-12,41
2021,21-RR-ETH-47841,3,33,0,,,1900-01-01,1900-01-01,36
2021,21-RR-FJI-46848,3,5,2,5,500000,2021-02-02,2021-02-02,37
2021,21-RR-GLB-47074,3,30,0,4;3,4999236,2021-04-05,2021-04-05,41
2021,21-RR-AFG-47407,3,8,2,5;4;2;3,14998459,2021-04-23,2021-05-05,1
2021,21-RR-BGD-47273,3,34,0,7;11;4;2,13974469,2021-04-15,2021-04-20,7
2021,20-RR-NGA-46483,3,16,5,2,15000005,2021-01-12,2021-01-12,72
2021,21-RR-VCT-47490,3,2,1,4;2,400000,2021-05-05,2021-05-05,218
2021,21-RR-GIN-47052,3,30,0,7;4;2;3,6000001,2021-03-17,2021-03-22,43
2021,21-RR-CAF-47075,3,16,5,5;6;11;4;2;3,8000183,2021-04-06,2021-04-06,18
2021,21-RR-COD-47069,3,30,0,7;6;4;3,4013391,2021-04-01,2021-04-05,27
2021,21-RR-COD-46697,3,16,5,5;2,6998971,2021-01-18,2021-01-19,27
2021,21-RR-SSD-47076,3,38,5,5;6;11;4;2;3,10000359,2021-04-26,2021-04-27,88
2021,21-RR-GNQ-47143,3,34,0,6;2,994464,2021-04-09,2021-04-09,112
2021,21-RR-SOM-47079,3,8,2,7;6;4;2;3,7000046,2021-04-23,2021-05-03,87
2021,21-RR-SOM-47081,3,8,2,5;7;6;11;4;2;3,20001256,2021-04-26,2021-05-03,87
2021,21-RR-MOZ-47724,3,16,5,,,,,66
2021,20-RR-ETH-46461,3,8,2,5;6;11;4;3,19996683,2020-12-24,2021-04-09,36
2021,21-RR-ETH-47847,3,8,2,,,,,36
